罪名,手口,管轄警察署（発生地）,管轄交番・駐在所（発生地）,市区町村コード（発生地）,都道府県（発生地）,市区町村（発生地）,町丁目（発生地）,発生年月日（始期）,発生時（始期）,発生場所,発生場所の詳細,施錠関係,盗難防止装置の有無,現金以外の主な被害品
窃盗,自動車盗,千葉中央,千葉寺駅前,121011,千葉県,千葉市中央区,青葉町,20241008,18,一戸建住宅,駐車（輪）場,キーなし,あり,乗用自動車
窃盗,自動車盗,千葉中央,千葉寺駅前,121011,千葉県,千葉市中央区,末広３丁目,20231230,10,その他の住宅（３階建て以下共同住宅等）,駐車（輪）場,キーあり,なし,貨物自動車
窃盗,自動車盗,千葉中央,千葉寺駅前,121011,千葉県,千葉市中央区,千葉寺町,20240621,12,駐車（輪）場,駐車（輪）場,キーなし,なし,乗用自動車
窃盗,自動車盗,千葉中央,本千葉駅前,121011,千葉県,千葉市中央区,寒川町１丁目,20241122,5,その他,その他,キーあり,なし,貨物自動車
窃盗,自動車盗,千葉中央,西千葉,121011,千葉県,千葉市中央区,汐見丘町,20240114,14,駐車（輪）場,駐車（輪）場,キーなし,なし,乗用自動車
窃盗,自動車盗,千葉中央,登戸,121011,千葉県,千葉市中央区,登戸３丁目,20240115,19,駐車（輪）場,駐車（輪）場,キーなし,なし,乗用自動車
窃盗,自動車盗,千葉中央,本町,121011,千葉県,千葉市中央区,栄町,20240126,19,駐車（輪）場,駐車（輪）場,キーあり,あり,乗用自動車
窃盗,自動車盗,千葉中央,千葉公園前,121011,千葉県,千葉市中央区,東千葉３丁目,20240304,11,その他,その他,キーあり,なし,乗用自動車
窃盗,自動車盗,千葉中央,都,121011,千葉県,千葉市中央区,都町２丁目,20240926,20,駐車（輪）場,駐車（輪）場,キーなし,あり,乗用自動車
窃盗,自動車盗,千葉中央,白旗,121011,千葉県,千葉市中央区,今井３丁目,20240112,21,その他,駐車（輪）場,キーなし,なし,乗用自動車
窃盗,自動車盗,千葉中央,白旗,121011,千葉県,千葉市中央区,宮崎１丁目,20240622,0,一戸建住宅,駐車（輪）場,キーなし,あり,乗用自動車
窃盗,自動車盗,千葉中央,蘇我駅前,121011,千葉県,千葉市中央区,今井３丁目,20240617,20,その他,駐車（輪）場,キーなし,なし,なし
窃盗,自動車盗,千葉中央,蘇我駅前,121011,千葉県,千葉市中央区,若草１丁目,20240112,19,４階建て以上共同住宅,駐車（輪）場,キーなし,なし,なし
窃盗,自動車盗,千葉中央,蘇我駅前,121011,千葉県,千葉市中央区,蘇我１丁目,20240126,12,その他の住宅（３階建て以下共同住宅等）,駐車（輪）場,キーなし,なし,乗用自動車
窃盗,自動車盗,千葉中央,蘇我駅前,121011,千葉県,千葉市中央区,蘇我２丁目,20240112,23,一戸建住宅,その他,キーなし,なし,乗用自動車
窃盗,自動車盗,千葉中央,蘇我駅前,121011,千葉県,千葉市中央区,蘇我３丁目,20240209,0,一戸建住宅,駐車（輪）場,キーなし,あり,乗用自動車
窃盗,自動車盗,千葉南,鎌取駅前,121053,千葉県,千葉市緑区,鎌取町,20241204,20,駐車（輪）場,駐車（輪）場,キーなし,あり,なし
窃盗,自動車盗,千葉南,鎌取駅前,121053,千葉県,千葉市緑区,平山町,20240207,20,その他,駐車（輪）場,キーなし,あり,なし
窃盗,自動車盗,千葉南,鎌取駅前,121053,千葉県,千葉市緑区,平山町,20240306,17,駐車（輪）場,駐車（輪）場,キーなし,なし,乗用自動車
窃盗,自動車盗,千葉南,鎌取駅前,121053,千葉県,千葉市緑区,おゆみ野南３丁目,20240617,18,駐車（輪）場,駐車（輪）場,キーなし,なし,なし
窃盗,自動車盗,千葉南,土気駅前,121053,千葉県,千葉市緑区,高田町,20240506,9,その他,その他,キーあり,なし,乗用自動車
窃盗,自動車盗,千葉南,土気駅前,121053,千葉県,千葉市緑区,あすみが丘東２丁目,20240425,21,一戸建住宅,駐車（輪）場,キーなし,あり,乗用自動車
窃盗,自動車盗,千葉南,土気駅前,121053,千葉県,千葉市緑区,あすみが丘東３丁目,20240705,20,一戸建住宅,駐車（輪）場,キーなし,なし,乗用自動車
窃盗,自動車盗,千葉南,土気駅前,121053,千葉県,千葉市緑区,あすみが丘東３丁目,20240705,17,一戸建住宅,駐車（輪）場,キーなし,あり,乗用自動車
窃盗,自動車盗,千葉南,土気駅前,121053,千葉県,千葉市緑区,あすみが丘東３丁目,20240705,20,一戸建住宅,駐車（輪）場,キーあり,あり,なし
窃盗,自動車盗,千葉南,誉田,121053,千葉県,千葉市緑区,誉田町２丁目,20240718,3,その他の住宅（３階建て以下共同住宅等）,駐車（輪）場,キーなし,なし,乗用自動車
窃盗,自動車盗,千葉南,誉田,121053,千葉県,千葉市緑区,誉田町２丁目,20241202,17,その他,その他,キーなし,なし,貨物自動車
窃盗,自動車盗,千葉南,あすみが丘,121053,千葉県,千葉市緑区,あすみが丘８丁目,20241126,21,駐車（輪）場,駐車（輪）場,キーなし,あり,その他
窃盗,自動車盗,習志野,京成大久保駅前,122165,千葉県,習志野市,大久保２丁目,20240314,22,駐車（輪）場,駐車（輪）場,キーなし,なし,乗用自動車
窃盗,自動車盗,習志野,京成大久保駅前,122165,千葉県,習志野市,屋敷３丁目,20240516,8,一戸建住宅,駐車（輪）場,キーあり,あり,乗用自動車
窃盗,自動車盗,習志野,京成大久保駅前,122165,千葉県,習志野市,実籾２丁目,20240908,0,一戸建住宅,駐車（輪）場,キーなし,なし,乗用自動車
窃盗,自動車盗,習志野,袖ヶ浦,122165,千葉県,習志野市,袖ケ浦１丁目,20240722,21,４階建て以上共同住宅,駐車（輪）場,キーなし,あり,乗用自動車
窃盗,自動車盗,習志野,袖ヶ浦,122165,千葉県,習志野市,袖ケ浦２丁目,20240613,20,４階建て以上共同住宅,駐車（輪）場,キーなし,あり,なし
窃盗,自動車盗,習志野,津田沼駅前,122165,千葉県,習志野市,奏の杜３丁目,20240916,9,４階建て以上共同住宅,駐車（輪）場,キーあり,あり,乗用自動車
窃盗,自動車盗,習志野,藤崎,122165,千葉県,習志野市,津田沼３丁目,20240915,12,４階建て以上共同住宅,駐車（輪）場,キーなし,あり,乗用自動車
窃盗,自動車盗,習志野,藤崎,122165,千葉県,習志野市,本大久保１丁目,20240402,15,道路上,その他,キーなし,あり,乗用自動車
窃盗,自動車盗,船橋,海神,122041,千葉県,船橋市,海神３丁目,20241003,22,一戸建住宅,駐車（輪）場,キーなし,あり,乗用自動車
窃盗,自動車盗,船橋,行田,122041,千葉県,船橋市,行田１丁目,20240712,19,駐車（輪）場,駐車（輪）場,キーなし,あり,なし
窃盗,自動車盗,船橋,行田,122041,千葉県,船橋市,行田１丁目,20240825,14,４階建て以上共同住宅,駐車（輪）場,キーなし,あり,乗用自動車
窃盗,自動車盗,船橋,中山駅前,122041,千葉県,船橋市,本中山２丁目,20240909,7,駐車（輪）場,駐車（輪）場,キーなし,なし,乗用自動車
窃盗,自動車盗,船橋,夏見,122041,千葉県,船橋市,夏見台２丁目,20240702,23,一戸建住宅,駐車（輪）場,キーなし,なし,乗用自動車
窃盗,自動車盗,船橋,西船橋駅前,122041,千葉県,船橋市,葛飾町２丁目,20240416,22,駐車（輪）場,駐車（輪）場,キーなし,なし,乗用自動車
窃盗,自動車盗,船橋,西船橋駅前,122041,千葉県,船橋市,西船４丁目,20240711,10,駐車（輪）場,駐車（輪）場,キーなし,あり,なし
窃盗,自動車盗,船橋,西船橋駅前,122041,千葉県,船橋市,西船６丁目,20241116,20,その他の住宅（３階建て以下共同住宅等）,駐車（輪）場,キーあり,あり,なし
窃盗,自動車盗,船橋,西船橋駅前,122041,千葉県,船橋市,二子町,20240903,18,一戸建住宅,駐車（輪）場,キーあり,あり,乗用自動車
窃盗,自動車盗,船橋,西船橋駅前,122041,千葉県,船橋市,本郷町,20240903,23,４階建て以上共同住宅,駐車（輪）場,キーなし,あり,乗用自動車
窃盗,自動車盗,船橋,西船橋駅前,122041,千葉県,船橋市,山野町,20240621,21,４階建て以上共同住宅,駐車（輪）場,キーなし,あり,乗用自動車
窃盗,自動車盗,船橋,西船橋駅前,122041,千葉県,船橋市,山野町,20240914,13,駐車（輪）場,駐車（輪）場,キーなし,あり,乗用自動車
窃盗,自動車盗,船橋,西船橋駅前,122041,千葉県,船橋市,山野町,20241128,8,駐車（輪）場,駐車（輪）場,キーあり,なし,なし
窃盗,自動車盗,船橋,浜町,122041,千葉県,船橋市,浜町２丁目,20240529,2,４階建て以上共同住宅,駐車（輪）場,キーあり,あり,乗用自動車
窃盗,自動車盗,船橋,浜町,122041,千葉県,船橋市,浜町２丁目,20240816,0,４階建て以上共同住宅,駐車（輪）場,キーなし,なし,乗用自動車
窃盗,自動車盗,船橋,船橋駅前,122041,千葉県,船橋市,本町４丁目,20240830,22,駐車（輪）場,駐車（輪）場,キーあり,あり,乗用自動車
窃盗,自動車盗,船橋,船橋駅前,122041,千葉県,船橋市,湊町２丁目,20240911,0,４階建て以上共同住宅,駐車（輪）場,キーなし,あり,乗用自動車
窃盗,自動車盗,船橋,船橋駅前,122041,千葉県,船橋市,湊町３丁目,20240330,22,駐車（輪）場,駐車（輪）場,キーなし,なし,乗用自動車
窃盗,自動車盗,船橋,法典,122041,千葉県,船橋市,馬込町,20240605,23,その他の住宅（３階建て以下共同住宅等）,駐車（輪）場,キーなし,あり,乗用自動車
窃盗,自動車盗,船橋,宮本,122041,千葉県,船橋市,東船橋４丁目,20241027,13,その他,駐車（輪）場,キーあり,なし,乗用自動車
窃盗,自動車盗,船橋,藤原,122041,千葉県,船橋市,藤原１丁目,20240710,17,駐車（輪）場,駐車（輪）場,キーなし,なし,乗用自動車
窃盗,自動車盗,市川,市川駅前,122033,千葉県,市川市,新田１丁目,20240213,15,駐車（輪）場,駐車（輪）場,キーなし,なし,乗用自動車
窃盗,自動車盗,市川,市川駅前,122033,千葉県,市川市,新田２丁目,20240425,21,一戸建住宅,駐車（輪）場,キーあり,あり,乗用自動車
窃盗,自動車盗,市川,大野駅前,122033,千葉県,市川市,大野町２丁目,20240723,6,一戸建住宅,駐車（輪）場,キーなし,あり,乗用自動車
窃盗,自動車盗,市川,大野駅前,122033,千葉県,市川市,大野町２丁目,20241115,23,道路上,その他,キーあり,なし,乗用自動車
窃盗,自動車盗,市川,国分,122033,千葉県,市川市,国府台４丁目,20240323,20,駐車（輪）場,駐車（輪）場,キーなし,あり,乗用自動車
窃盗,自動車盗,市川,国分,122033,千葉県,市川市,国分２丁目,20240523,22,その他,駐車（輪）場,キーなし,あり,乗用自動車
窃盗,自動車盗,市川,国分,122033,千葉県,市川市,曽谷５丁目,20241204,2,一戸建住宅,駐車（輪）場,キーなし,なし,乗用自動車
窃盗,自動車盗,市川,菅野,122033,千葉県,市川市,宮久保１丁目,20240414,17,駐車（輪）場,駐車（輪）場,キーなし,あり,乗用自動車
窃盗,自動車盗,市川,中国分,122033,千葉県,市川市,中国分４丁目,20240227,19,一戸建住宅,駐車（輪）場,キーなし,なし,乗用自動車
窃盗,自動車盗,市川,中国分,122033,千葉県,市川市,中国分４丁目,20240312,18,一戸建住宅,駐車（輪）場,キーなし,あり,乗用自動車
窃盗,自動車盗,市川,中国分,122033,千葉県,市川市,堀之内３丁目,20240413,7,駐車（輪）場,駐車（輪）場,キーなし,あり,乗用自動車
窃盗,自動車盗,市川,中国分,122033,千葉県,市川市,堀之内３丁目,20240415,18,駐車（輪）場,駐車（輪）場,キーなし,あり,なし
窃盗,自動車盗,市川,中国分,122033,千葉県,市川市,堀之内４丁目,20240410,15,一戸建住宅,駐車（輪）場,キーなし,あり,なし
窃盗,自動車盗,市川,原木,122033,千葉県,市川市,田尻４丁目,20240504,19,４階建て以上共同住宅,駐車（輪）場,キーなし,なし,乗用自動車
窃盗,自動車盗,市川,原木,122033,千葉県,市川市,田尻４丁目,20240816,2,４階建て以上共同住宅,駐車（輪）場,キーなし,あり,乗用自動車
窃盗,自動車盗,市川,真間,122033,千葉県,市川市,須和田１丁目,20231227,18,駐車（輪）場,駐車（輪）場,キーなし,なし,乗用自動車
窃盗,自動車盗,市川,南八幡,122033,千葉県,市川市,鬼高３丁目,20240102,18,その他,駐車（輪）場,キーなし,あり,乗用自動車
窃盗,自動車盗,市川,南八幡,122033,千葉県,市川市,稲荷木１丁目,20240426,1,一戸建住宅,駐車（輪）場,キーあり,あり,なし
窃盗,自動車盗,市川,南八幡,122033,千葉県,市川市,南八幡２丁目,20240925,22,駐車（輪）場,駐車（輪）場,キーなし,あり,乗用自動車
窃盗,自動車盗,市川,南八幡,122033,千葉県,市川市,南八幡５丁目,20240703,18,４階建て以上共同住宅,駐車（輪）場,キーなし,あり,乗用自動車
窃盗,自動車盗,市川,本八幡,122033,千葉県,市川市,平田１丁目,20240504,16,駐車（輪）場,駐車（輪）場,キーなし,なし,乗用自動車
窃盗,自動車盗,市川,本八幡,122033,千葉県,市川市,平田１丁目,20240503,22,駐車（輪）場,駐車（輪）場,キーなし,なし,なし
窃盗,自動車盗,市川,本八幡,122033,千葉県,市川市,平田３丁目,20240825,16,その他,駐車（輪）場,キーなし,あり,乗用自動車
窃盗,自動車盗,市川,若宮,122033,千葉県,市川市,高石神,20240623,14,駐車（輪）場,駐車（輪）場,キーなし,なし,貨物自動車
窃盗,自動車盗,市川,若宮,122033,千葉県,市川市,本北方３丁目,20240105,19,一戸建住宅,駐車（輪）場,キーなし,なし,乗用自動車
窃盗,自動車盗,市川,大洲,122033,千葉県,市川市,市川南２丁目,20240824,16,駐車（輪）場,駐車（輪）場,キーなし,あり,なし
窃盗,自動車盗,市川,大洲,122033,千葉県,市川市,市川南４丁目,20240526,23,駐車（輪）場,駐車（輪）場,キーなし,なし,乗用自動車
窃盗,自動車盗,市川,大洲,122033,千葉県,市川市,市川南４丁目,20240527,5,駐車（輪）場,駐車（輪）場,キーなし,なし,乗用自動車
窃盗,自動車盗,浦安,浦安駅前,122271,千葉県,浦安市,当代島３丁目,20240527,20,駐車（輪）場,駐車（輪）場,キーなし,なし,乗用自動車
窃盗,自動車盗,浦安,浦安駅前,122271,千葉県,浦安市,東野２丁目,20240401,23,一戸建住宅,駐車（輪）場,キーなし,なし,乗用自動車
窃盗,自動車盗,浦安,新浦安駅前,122271,千葉県,浦安市,海楽１丁目,20240425,21,一戸建住宅,駐車（輪）場,キーなし,あり,乗用自動車
窃盗,自動車盗,浦安,新浦安駅前,122271,千葉県,浦安市,高洲８丁目,20240318,20,４階建て以上共同住宅,駐車（輪）場,キーなし,あり,乗用自動車
窃盗,自動車盗,浦安,新浦安駅前,122271,千葉県,浦安市,美浜１丁目,20240803,2,４階建て以上共同住宅,駐車（輪）場,キーなし,なし,乗用自動車
窃盗,自動車盗,浦安,富岡,122271,千葉県,浦安市,今川１丁目,20240629,7,一戸建住宅,その他,キーあり,あり,なし
窃盗,自動車盗,浦安,富岡,122271,千葉県,浦安市,今川１丁目,20240807,20,その他,駐車（輪）場,キーなし,なし,乗用自動車
窃盗,自動車盗,浦安,富岡,122271,千葉県,浦安市,今川４丁目,20240318,20,駐車（輪）場,駐車（輪）場,キーなし,なし,乗用自動車
窃盗,自動車盗,浦安,富岡,122271,千葉県,浦安市,弁天３丁目,20240223,16,一戸建住宅,その他,キーなし,あり,乗用自動車
窃盗,自動車盗,浦安,富士見,122271,千葉県,浦安市,富士見４丁目,20240223,17,駐車（輪）場,駐車（輪）場,キーなし,あり,乗用自動車
窃盗,自動車盗,浦安,舞浜駅前,122271,千葉県,浦安市,舞浜,20240717,17,一戸建住宅,その他,キーなし,あり,乗用自動車
窃盗,自動車盗,浦安,日の出,122271,千葉県,浦安市,明海２丁目,20240530,23,一戸建住宅,駐車（輪）場,キーなし,あり,乗用自動車
窃盗,自動車盗,浦安,日の出,122271,千葉県,浦安市,明海４丁目,20240807,18,４階建て以上共同住宅,駐車（輪）場,キーなし,なし,乗用自動車
窃盗,自動車盗,浦安,日の出,122271,千葉県,浦安市,高洲３丁目,20240521,23,一戸建住宅,駐車（輪）場,キーなし,あり,乗用自動車
窃盗,自動車盗,浦安,日の出,122271,千葉県,浦安市,高洲３丁目,20240703,22,一戸建住宅,駐車（輪）場,キーなし,あり,なし
窃盗,自動車盗,浦安,日の出,122271,千葉県,浦安市,高洲６丁目,20240817,9,４階建て以上共同住宅,駐車（輪）場,キーなし,あり,乗用自動車
窃盗,自動車盗,浦安,日の出,122271,千葉県,浦安市,高洲８丁目,20240805,16,４階建て以上共同住宅,駐車（輪）場,キーなし,なし,乗用自動車
窃盗,自動車盗,松戸,北松戸,122076,千葉県,松戸市,上本郷,20240703,2,駐車（輪）場,駐車（輪）場,キーなし,なし,なし
窃盗,自動車盗,松戸,北松戸,122076,千葉県,松戸市,上本郷,20241206,19,その他,駐車（輪）場,キーあり,あり,乗用自動車
窃盗,自動車盗,松戸,北松戸,122076,千葉県,松戸市,南花島２丁目,20241026,17,駐車（輪）場,駐車（輪）場,キーあり,なし,貨物自動車
窃盗,自動車盗,松戸,新松戸,122076,千葉県,松戸市,新松戸７丁目,20240110,16,４階建て以上共同住宅,駐車（輪）場,キーなし,なし,乗用自動車
窃盗,自動車盗,松戸,新松戸,122076,千葉県,松戸市,新松戸７丁目,20240814,0,その他,駐車（輪）場,キーなし,なし,乗用自動車
窃盗,自動車盗,松戸,新松戸,122076,千葉県,松戸市,横須賀２丁目,20240711,22,駐車（輪）場,駐車（輪）場,キーなし,なし,乗用自動車
窃盗,自動車盗,松戸,東松戸,122076,千葉県,松戸市,紙敷,20241104,21,その他,駐車（輪）場,キーなし,なし,貨物自動車
窃盗,自動車盗,松戸,東松戸,122076,千葉県,松戸市,東松戸１丁目,20220710,14,４階建て以上共同住宅,駐車（輪）場,キーなし,あり,なし
窃盗,自動車盗,松戸,東松戸,122076,千葉県,松戸市,東松戸１丁目,20240716,12,駐車（輪）場,駐車（輪）場,キーなし,あり,乗用自動車
窃盗,自動車盗,松戸,東松戸,122076,千葉県,松戸市,東松戸４丁目,20241129,2,一戸建住宅,駐車（輪）場,キーなし,あり,乗用自動車
窃盗,自動車盗,松戸,二十世紀が丘,122076,千葉県,松戸市,秋山１丁目,20240408,12,４階建て以上共同住宅,駐車（輪）場,キーなし,あり,乗用自動車
窃盗,自動車盗,松戸,二十世紀が丘,122076,千葉県,松戸市,松戸,20240416,2,その他,駐車（輪）場,キーなし,なし,乗用自動車
窃盗,自動車盗,松戸,二十世紀が丘,122076,千葉県,松戸市,和名ケ谷,20240105,2,その他,その他,キーあり,なし,乗用自動車
窃盗,自動車盗,松戸,二十世紀が丘,122076,千葉県,松戸市,和名ケ谷,20240415,21,その他の住宅（３階建て以下共同住宅等）,駐車（輪）場,キーなし,なし,乗用自動車
窃盗,自動車盗,松戸,二十世紀が丘,122076,千葉県,松戸市,和名ケ谷,20240415,18,４階建て以上共同住宅,駐車（輪）場,キーなし,なし,なし
窃盗,自動車盗,松戸,松戸駅前,122076,千葉県,松戸市,小山,20240520,19,４階建て以上共同住宅,駐車（輪）場,キーなし,あり,乗用自動車
窃盗,自動車盗,松戸,松戸駅前,122076,千葉県,松戸市,根本,20240121,21,駐車（輪）場,駐車（輪）場,キーなし,あり,乗用自動車
窃盗,自動車盗,松戸,松戸駅前,122076,千葉県,松戸市,本町,20240314,11,駐車（輪）場,駐車（輪）場,キーなし,あり,乗用自動車
窃盗,自動車盗,松戸,松戸駅前,122076,千葉県,松戸市,松戸,20240427,14,駐車（輪）場,駐車（輪）場,キーなし,なし,乗用自動車
窃盗,自動車盗,松戸,松飛台,122076,千葉県,松戸市,五香西２丁目,20240703,22,一戸建住宅,駐車（輪）場,キーなし,あり,乗用自動車
窃盗,自動車盗,松戸,馬橋西,122076,千葉県,松戸市,西馬橋蔵元町,20241111,21,駐車（輪）場,駐車（輪）場,キーなし,なし,乗用自動車
窃盗,自動車盗,松戸,馬橋西,122076,千葉県,松戸市,西馬橋幸町,20240512,20,駐車（輪）場,駐車（輪）場,キーなし,なし,乗用自動車
窃盗,自動車盗,松戸,馬橋西,122076,千葉県,松戸市,西馬橋広手町,20240826,21,駐車（輪）場,駐車（輪）場,キーなし,あり,乗用自動車
窃盗,自動車盗,松戸,馬橋西,122076,千葉県,松戸市,西馬橋３丁目,20240820,16,駐車（輪）場,駐車（輪）場,キーあり,なし,貨物自動車
窃盗,自動車盗,松戸,稔台,122076,千葉県,松戸市,仲井町３丁目,20240621,19,４階建て以上共同住宅,駐車（輪）場,キーなし,あり,乗用自動車
窃盗,自動車盗,松戸,八柱,122076,千葉県,松戸市,日暮３丁目,20240310,23,駐車（輪）場,駐車（輪）場,キーあり,なし,乗用自動車
窃盗,自動車盗,松戸,八柱,122076,千葉県,松戸市,日暮６丁目,20241206,21,駐車（輪）場,駐車（輪）場,キーなし,なし,乗用自動車
窃盗,自動車盗,松戸,八柱,122076,千葉県,松戸市,日暮８丁目,20240407,12,駐車（輪）場,駐車（輪）場,キーなし,なし,乗用自動車
窃盗,自動車盗,松戸,八柱,122076,千葉県,松戸市,牧の原１丁目,20240919,18,その他,駐車（輪）場,キーなし,あり,乗用自動車
窃盗,自動車盗,松戸,小根本,122076,千葉県,松戸市,岩瀬,20240623,17,４階建て以上共同住宅,駐車（輪）場,キーなし,あり,乗用自動車
窃盗,自動車盗,松戸,小根本,122076,千葉県,松戸市,緑ケ丘１丁目,20240526,13,駐車（輪）場,駐車（輪）場,キーなし,あり,乗用自動車
窃盗,自動車盗,松戸,小根本,122076,千葉県,松戸市,緑ケ丘１丁目,20240921,11,駐車（輪）場,駐車（輪）場,キーなし,あり,乗用自動車
窃盗,自動車盗,松戸,栄町,122076,千葉県,松戸市,古ケ崎,20240714,20,駐車（輪）場,駐車（輪）場,キーなし,あり,なし
窃盗,自動車盗,松戸,栄町,122076,千葉県,松戸市,栄町７丁目,20241006,19,駐車（輪）場,駐車（輪）場,キーなし,なし,乗用自動車
窃盗,自動車盗,松戸,栄町,122076,千葉県,松戸市,栄町西２丁目,20240522,21,一戸建住宅,駐車（輪）場,キーなし,あり,乗用自動車
窃盗,自動車盗,松戸,栄町,122076,千葉県,松戸市,栄町西３丁目,20240219,20,一戸建住宅,駐車（輪）場,キーなし,あり,乗用自動車
窃盗,自動車盗,野田,川間駅前,122084,千葉県,野田市,岩名２丁目,20240309,20,駐車（輪）場,駐車（輪）場,キーなし,あり,乗用自動車
窃盗,自動車盗,野田,川間駅前,122084,千葉県,野田市,尾崎,20240307,23,その他の住宅（３階建て以下共同住宅等）,駐車（輪）場,キーなし,なし,乗用自動車
窃盗,自動車盗,野田,川間駅前,122084,千葉県,野田市,中里,20240527,22,駐車（輪）場,駐車（輪）場,キーなし,あり,乗用自動車
窃盗,自動車盗,野田,川間駅前,122084,千葉県,野田市,蕃昌,20241106,18,その他,駐車（輪）場,キーなし,なし,乗用自動車
窃盗,自動車盗,野田,川間駅前,122084,千葉県,野田市,船形,20240810,21,駐車（輪）場,駐車（輪）場,キーあり,なし,乗用自動車
窃盗,自動車盗,野田,川間駅前,122084,千葉県,野田市,船形,20241020,0,その他,その他,キーあり,あり,乗用自動車
窃盗,自動車盗,野田,川間駅前,122084,千葉県,野田市,谷津,20240810,10,その他,その他,キーなし,なし,その他
窃盗,自動車盗,野田,川間駅前,122084,千葉県,野田市,岡田,20240525,11,その他,その他,キーあり,なし,貨物自動車
窃盗,自動車盗,野田,川間駅前,122084,千葉県,野田市,光葉町１丁目,20240216,3,一戸建住宅,駐車（輪）場,キーなし,あり,乗用自動車
窃盗,自動車盗,野田,川間駅前,122084,千葉県,野田市,光葉町１丁目,20240307,22,一戸建住宅,駐車（輪）場,キーなし,あり,なし
窃盗,自動車盗,野田,川間駅前,122084,千葉県,野田市,光葉町２丁目,20240213,23,一戸建住宅,駐車（輪）場,キーなし,なし,乗用自動車
窃盗,自動車盗,野田,梅郷駅前,122084,千葉県,野田市,堤根,20240131,0,その他,駐車（輪）場,キーなし,あり,乗用自動車
窃盗,自動車盗,野田,梅郷駅前,122084,千葉県,野田市,堤根,20240215,2,一戸建住宅,駐車（輪）場,キーなし,なし,なし
窃盗,自動車盗,野田,梅郷駅前,122084,千葉県,野田市,堤根,20240214,20,その他の住宅（３階建て以下共同住宅等）,駐車（輪）場,キーなし,なし,乗用自動車
窃盗,自動車盗,野田,梅郷駅前,122084,千葉県,野田市,堤根,20241128,18,その他,駐車（輪）場,キーあり,あり,乗用自動車
窃盗,自動車盗,野田,梅郷駅前,122084,千葉県,野田市,花井,20240308,22,一戸建住宅,駐車（輪）場,キーあり,あり,乗用自動車
窃盗,自動車盗,野田,梅郷駅前,122084,千葉県,野田市,花井１丁目,20240311,20,一戸建住宅,駐車（輪）場,キーなし,あり,乗用自動車
窃盗,自動車盗,野田,梅郷駅前,122084,千葉県,野田市,山崎,20241127,20,その他,その他,キーなし,なし,貨物自動車
窃盗,自動車盗,野田,梅郷駅前,122084,千葉県,野田市,山崎貝塚町,20240410,21,駐車（輪）場,駐車（輪）場,キーあり,あり,乗用自動車
窃盗,自動車盗,野田,梅郷駅前,122084,千葉県,野田市,山崎梅の台,20240118,20,その他の住宅（３階建て以下共同住宅等）,駐車（輪）場,キーなし,あり,乗用自動車
窃盗,自動車盗,野田,梅郷駅前,122084,千葉県,野田市,みずき４丁目,20240118,20,一戸建住宅,駐車（輪）場,キーなし,なし,乗用自動車
窃盗,自動車盗,野田,梅郷駅前,122084,千葉県,野田市,みずき４丁目,20240919,11,一戸建住宅,駐車（輪）場,キーなし,あり,乗用自動車
窃盗,自動車盗,野田,梅郷駅前,122084,千葉県,野田市,木間ケ瀬,20240321,11,その他,駐車（輪）場,キーあり,なし,乗用自動車
窃盗,自動車盗,野田,梅郷駅前,122084,千葉県,野田市,山崎新町,20240315,3,一戸建住宅,駐車（輪）場,キーなし,なし,乗用自動車
窃盗,自動車盗,野田,野田市駅前,122084,千葉県,野田市,清水,20240405,23,一戸建住宅,駐車（輪）場,キーなし,あり,乗用自動車
窃盗,自動車盗,野田,野田市駅前,122084,千葉県,野田市,清水,20240523,14,その他の住宅（３階建て以下共同住宅等）,駐車（輪）場,キーなし,あり,乗用自動車
窃盗,自動車盗,野田,野田市駅前,122084,千葉県,野田市,堤台,20240307,19,その他の住宅（３階建て以下共同住宅等）,駐車（輪）場,キーなし,あり,乗用自動車
窃盗,自動車盗,野田,野田市駅前,122084,千葉県,野田市,鶴奉,20240330,16,その他,駐車（輪）場,キーなし,なし,貨物自動車
窃盗,自動車盗,野田,野田市駅前,122084,千葉県,野田市,鶴奉,20241104,3,その他,駐車（輪）場,キーなし,なし,なし
窃盗,自動車盗,野田,野田市駅前,122084,千葉県,野田市,中根,20240307,9,道路上,その他,キーあり,なし,貨物自動車
窃盗,自動車盗,野田,野田市駅前,122084,千葉県,野田市,野田,20240704,12,駐車（輪）場,駐車（輪）場,キーなし,なし,乗用自動車
窃盗,自動車盗,野田,野田市駅前,122084,千葉県,野田市,桜の里１丁目,20240508,22,その他の住宅（３階建て以下共同住宅等）,駐車（輪）場,キーなし,なし,乗用自動車
窃盗,自動車盗,野田,野田市駅前,122084,千葉県,野田市,桜の里３丁目,20240309,20,一戸建住宅,駐車（輪）場,キーなし,あり,乗用自動車
窃盗,自動車盗,野田,野田市駅前,122084,千葉県,野田市,桜の里３丁目,20240307,17,一戸建住宅,駐車（輪）場,キーなし,あり,なし
窃盗,自動車盗,野田,野田市駅前,122084,千葉県,野田市,桜の里３丁目,20240513,19,一戸建住宅,駐車（輪）場,キーあり,あり,乗用自動車
窃盗,自動車盗,野田,野田市駅前,122084,千葉県,野田市,つつみ野２丁目,20240125,0,一戸建住宅,駐車（輪）場,キーなし,あり,乗用自動車
窃盗,自動車盗,野田,二川,122084,千葉県,野田市,柏寺,20240408,20,駐車（輪）場,駐車（輪）場,キーなし,あり,乗用自動車
窃盗,自動車盗,野田,二川,122084,千葉県,野田市,木間ケ瀬,20240203,6,一戸建住宅,駐車（輪）場,キーあり,あり,乗用自動車
窃盗,自動車盗,野田,二川,122084,千葉県,野田市,木間ケ瀬,20240510,2,駐車（輪）場,駐車（輪）場,キーなし,あり,乗用自動車
窃盗,自動車盗,野田,二川,122084,千葉県,野田市,木間ケ瀬,20230815,23,その他,駐車（輪）場,キーあり,なし,乗用自動車
窃盗,自動車盗,野田,二川,122084,千葉県,野田市,木間ケ瀬,20240707,13,駐車（輪）場,駐車（輪）場,キーなし,あり,乗用自動車
窃盗,自動車盗,野田,二川,122084,千葉県,野田市,木間ケ瀬,20241003,1,その他,駐車（輪）場,キーあり,なし,貨物自動車
窃盗,自動車盗,野田,二川,122084,千葉県,野田市,木間ケ瀬,20241109,11,その他,その他,キーあり,なし,貨物自動車
窃盗,自動車盗,野田,二川,122084,千葉県,野田市,平井,20241024,8,一戸建住宅,駐車（輪）場,キーなし,あり,乗用自動車
窃盗,自動車盗,野田,二川,122084,千葉県,野田市,なみき３丁目,20240510,3,駐車（輪）場,駐車（輪）場,キーなし,あり,乗用自動車
窃盗,自動車盗,野田,二川,122084,千葉県,野田市,なみき３丁目,20241210,15,駐車（輪）場,駐車（輪）場,キーなし,なし,貨物自動車
窃盗,自動車盗,野田,東部,122084,千葉県,野田市,鶴奉,20241005,15,その他,駐車（輪）場,キーなし,なし,乗用自動車
窃盗,自動車盗,野田,東部,122084,千葉県,野田市,鶴奉,20241005,15,その他,駐車（輪）場,キーなし,なし,乗用自動車
窃盗,自動車盗,野田,船形,122084,千葉県,野田市,船形,20240525,20,駐車（輪）場,駐車（輪）場,キーあり,なし,乗用自動車
窃盗,自動車盗,柏,旭町,122173,千葉県,柏市,あけぼの５丁目,20240414,18,４階建て以上共同住宅,駐車（輪）場,キーなし,あり,乗用自動車
窃盗,自動車盗,柏,旭町,122173,千葉県,柏市,あけぼの５丁目,20240807,18,駐車（輪）場,駐車（輪）場,キーなし,なし,乗用自動車
窃盗,自動車盗,柏,旭町,122173,千葉県,柏市,旭町８丁目,20241024,1,駐車（輪）場,駐車（輪）場,キーなし,あり,なし
窃盗,自動車盗,柏,旭町,122173,千葉県,柏市,篠籠田,20240314,1,一戸建住宅,駐車（輪）場,キーなし,あり,乗用自動車
窃盗,自動車盗,柏,旭町,122173,千葉県,柏市,篠籠田,20240725,21,その他の住宅（３階建て以下共同住宅等）,駐車（輪）場,キーなし,なし,乗用自動車
窃盗,自動車盗,柏,旭町,122173,千葉県,柏市,新富町２丁目,20241203,19,その他の住宅（３階建て以下共同住宅等）,駐車（輪）場,キーあり,なし,乗用自動車
窃盗,自動車盗,柏,旭町,122173,千葉県,柏市,豊四季,20240403,17,４階建て以上共同住宅,駐車（輪）場,キーなし,なし,乗用自動車
窃盗,自動車盗,柏,大津ヶ丘,122173,千葉県,柏市,大島田,20240228,0,一戸建住宅,駐車（輪）場,キーなし,なし,乗用自動車
窃盗,自動車盗,柏,大津ヶ丘,122173,千葉県,柏市,手賀の杜５丁目,20240926,19,一戸建住宅,駐車（輪）場,キーなし,あり,乗用自動車
窃盗,自動車盗,柏,柏駅前,122173,千葉県,柏市,東１丁目,20240214,17,その他,その他,キーなし,あり,乗用自動車
窃盗,自動車盗,柏,柏駅前,122173,千葉県,柏市,柏,20240208,9,駐車（輪）場,駐車（輪）場,キーなし,あり,乗用自動車
窃盗,自動車盗,柏,柏駅前,122173,千葉県,柏市,富里２丁目,20241128,20,駐車（輪）場,駐車（輪）場,キーなし,あり,乗用自動車
窃盗,自動車盗,柏,北柏駅前,122173,千葉県,柏市,宿連寺,20240817,17,４階建て以上共同住宅,駐車（輪）場,キーなし,なし,乗用自動車
窃盗,自動車盗,柏,高田原,122173,千葉県,柏市,十余二,20241028,20,一戸建住宅,その他,キーなし,なし,貨物自動車
窃盗,自動車盗,柏,高田原,122173,千葉県,柏市,西原６丁目,20240815,14,駐車（輪）場,駐車（輪）場,キーなし,あり,なし
窃盗,自動車盗,柏,豊四季駅前,122173,千葉県,柏市,豊上町,20240228,21,駐車（輪）場,駐車（輪）場,キーなし,あり,乗用自動車
窃盗,自動車盗,柏,花野井,122173,千葉県,柏市,大室,20241205,19,一戸建住宅,駐車（輪）場,キーなし,あり,なし
窃盗,自動車盗,柏,花野井,122173,千葉県,柏市,大室１丁目,20240520,20,４階建て以上共同住宅,駐車（輪）場,キーなし,あり,乗用自動車
窃盗,自動車盗,柏,花野井,122173,千葉県,柏市,大室１丁目,20240918,20,一戸建住宅,駐車（輪）場,キーなし,なし,乗用自動車
窃盗,自動車盗,柏,花野井,122173,千葉県,柏市,大室２丁目,20240229,3,一戸建住宅,駐車（輪）場,キーなし,あり,なし
窃盗,自動車盗,柏,花野井,122173,千葉県,柏市,小青田１丁目,20231229,3,その他,駐車（輪）場,キーなし,なし,乗用自動車
窃盗,自動車盗,柏,光ヶ丘,122173,千葉県,柏市,今谷上町,20240912,18,駐車（輪）場,駐車（輪）場,キーなし,なし,乗用自動車
窃盗,自動車盗,柏,光ヶ丘,122173,千葉県,柏市,今谷上町,20241127,0,駐車（輪）場,駐車（輪）場,キーなし,あり,乗用自動車
窃盗,自動車盗,柏,光ヶ丘,122173,千葉県,柏市,中新宿３丁目,20240118,20,その他,駐車（輪）場,キーなし,なし,乗用自動車
窃盗,自動車盗,柏,光ヶ丘,122173,千葉県,柏市,光ケ丘４丁目,20240708,10,一戸建住宅,駐車（輪）場,キーなし,あり,乗用自動車
窃盗,自動車盗,柏,増尾駅前,122173,千葉県,柏市,増尾２丁目,20240904,19,一戸建住宅,駐車（輪）場,キーなし,なし,乗用自動車
窃盗,自動車盗,柏,増尾駅前,122173,千葉県,柏市,増尾６丁目,20240816,22,駐車（輪）場,駐車（輪）場,キーなし,なし,乗用自動車
窃盗,自動車盗,柏,松葉町,122173,千葉県,柏市,篠籠田,20240916,21,一戸建住宅,駐車（輪）場,キーなし,あり,乗用自動車
窃盗,自動車盗,柏,松葉町,122173,千葉県,柏市,篠籠田,20240916,18,一戸建住宅,駐車（輪）場,キーなし,なし,乗用自動車
窃盗,自動車盗,柏,松葉町,122173,千葉県,柏市,篠籠田,20241015,19,その他の住宅（３階建て以下共同住宅等）,駐車（輪）場,キーなし,あり,なし
窃盗,自動車盗,柏,松葉町,122173,千葉県,柏市,十余二,20240819,20,その他の住宅（３階建て以下共同住宅等）,駐車（輪）場,キーあり,なし,乗用自動車
窃盗,自動車盗,柏,松葉町,122173,千葉県,柏市,船戸,20241106,23,その他,その他,キーあり,なし,乗用自動車
窃盗,自動車盗,柏,緑ヶ丘,122173,千葉県,柏市,柏,20240426,6,一戸建住宅,その他,キーあり,あり,乗用自動車
窃盗,自動車盗,柏,緑ヶ丘,122173,千葉県,柏市,千代田１丁目,20240403,14,駐車（輪）場,駐車（輪）場,キーあり,なし,乗用自動車
窃盗,自動車盗,柏,緑ヶ丘,122173,千葉県,柏市,戸張,20240418,15,一戸建住宅,駐車（輪）場,キーなし,なし,乗用自動車
窃盗,自動車盗,柏,緑ヶ丘,122173,千葉県,柏市,豊住３丁目,20241001,10,その他の住宅（３階建て以下共同住宅等）,駐車（輪）場,キーなし,なし,乗用自動車
窃盗,自動車盗,柏,南柏駅前,122173,千葉県,柏市,南柏２丁目,20240928,21,駐車（輪）場,駐車（輪）場,キーなし,なし,乗用自動車
窃盗,自動車盗,柏,南柏駅前,122173,千葉県,柏市,吉野沢,20240312,22,駐車（輪）場,駐車（輪）場,キーなし,なし,乗用自動車
窃盗,自動車盗,柏,南増尾,122173,千葉県,柏市,逆井,20240712,19,その他,その他,キーなし,あり,貨物自動車
窃盗,自動車盗,柏,新柏,122173,千葉県,柏市,名戸ケ谷,20240309,2,一戸建住宅,駐車（輪）場,キーなし,なし,なし
窃盗,自動車盗,柏,新柏,122173,千葉県,柏市,新柏３丁目,20240615,18,その他の住宅（３階建て以下共同住宅等）,駐車（輪）場,キーなし,なし,乗用自動車
窃盗,自動車盗,柏,高柳,122173,千葉県,柏市,しいの木台５丁目,20241018,0,一戸建住宅,駐車（輪）場,キーなし,あり,乗用自動車
窃盗,自動車盗,柏,高柳,122173,千葉県,柏市,高柳,不明,不明,その他,駐車（輪）場,キーあり,なし,乗用自動車
窃盗,自動車盗,柏,高柳,122173,千葉県,柏市,高柳,20241003,3,その他,駐車（輪）場,キーなし,なし,乗用自動車
窃盗,自動車盗,柏,高柳,122173,千葉県,柏市,高柳,20241124,18,その他,駐車（輪）場,キーなし,あり,乗用自動車
窃盗,自動車盗,柏,高柳,122173,千葉県,柏市,南高柳,20240131,19,その他の住宅（３階建て以下共同住宅等）,駐車（輪）場,キーあり,あり,乗用自動車
窃盗,自動車盗,柏,柏の葉キャンパス,122173,千葉県,柏市,若柴,20240223,17,駐車（輪）場,駐車（輪）場,キーなし,なし,乗用自動車
窃盗,自動車盗,柏,柏の葉キャンパス,122173,千葉県,柏市,若柴,20240508,18,４階建て以上共同住宅,駐車（輪）場,キーなし,あり,乗用自動車
窃盗,自動車盗,柏,柏の葉キャンパス,122173,千葉県,柏市,若柴,20240929,18,４階建て以上共同住宅,駐車（輪）場,キーなし,なし,乗用自動車
窃盗,自動車盗,柏,柏の葉キャンパス,122173,千葉県,柏市,若柴,20241014,18,駐車（輪）場,駐車（輪）場,キーなし,あり,乗用自動車
窃盗,自動車盗,柏,柏の葉キャンパス,122173,千葉県,柏市,若柴,20241026,22,駐車（輪）場,駐車（輪）場,キーあり,あり,乗用自動車
窃盗,自動車盗,柏,柏の葉キャンパス,122173,千葉県,柏市,若柴,20241101,16,駐車（輪）場,駐車（輪）場,キーなし,なし,乗用自動車
窃盗,自動車盗,柏,柏の葉キャンパス,122173,千葉県,柏市,若柴,20241207,21,４階建て以上共同住宅,駐車（輪）場,キーなし,あり,その他
窃盗,自動車盗,柏,泉,122173,千葉県,柏市,泉,不明,不明,一戸建住宅,駐車（輪）場,キーあり,なし,乗用自動車
窃盗,自動車盗,柏,泉,122173,千葉県,柏市,鷲野谷,20240926,22,その他,駐車（輪）場,キーなし,あり,乗用自動車
窃盗,自動車盗,柏,船戸,122173,千葉県,柏市,船戸２丁目,20240118,20,一戸建住宅,駐車（輪）場,キーなし,あり,なし
窃盗,自動車盗,柏,船戸,122173,千葉県,柏市,船戸３丁目,20240801,23,一戸建住宅,駐車（輪）場,キーなし,あり,乗用自動車
窃盗,自動車盗,佐倉,署所在地,122301,千葉県,八街市,八街ほ,20240603,17,その他,その他,キーなし,なし,貨物自動車
窃盗,自動車盗,佐倉,八街幹部,122301,千葉県,八街市,八街に,20240625,14,その他,駐車（輪）場,キーなし,なし,なし
窃盗,自動車盗,佐倉,八街幹部,122301,千葉県,八街市,八街ほ,20240403,21,駐車（輪）場,駐車（輪）場,キーなし,なし,貨物自動車
窃盗,自動車盗,佐倉,八街幹部,122301,千葉県,八街市,八街ほ,20241111,23,駐車（輪）場,駐車（輪）場,キーなし,なし,乗用自動車
窃盗,自動車盗,佐倉,臼井,122122,千葉県,佐倉市,臼井,20240706,20,一戸建住宅,駐車（輪）場,キーなし,あり,乗用自動車
窃盗,自動車盗,佐倉,臼井,122122,千葉県,佐倉市,生谷,不明,不明,その他,その他,キーなし,なし,乗用自動車
窃盗,自動車盗,佐倉,臼井,122122,千葉県,佐倉市,生谷,20241209,6,一戸建住宅,駐車（輪）場,キーなし,なし,貨物自動車
窃盗,自動車盗,佐倉,臼井,122122,千葉県,佐倉市,王子台５丁目,20240428,19,一戸建住宅,駐車（輪）場,キーなし,なし,乗用自動車
窃盗,自動車盗,佐倉,臼井,122122,千葉県,佐倉市,王子台６丁目,20240107,19,一戸建住宅,駐車（輪）場,キーなし,なし,乗用自動車
窃盗,自動車盗,佐倉,臼井,122122,千葉県,佐倉市,王子台６丁目,20240423,6,その他,駐車（輪）場,キーあり,なし,乗用自動車
窃盗,自動車盗,佐倉,臼井,122122,千葉県,佐倉市,染井野５丁目,20240723,20,一戸建住宅,駐車（輪）場,キーなし,なし,乗用自動車
窃盗,自動車盗,佐倉,京成佐倉駅前,122122,千葉県,佐倉市,大蛇町,20240225,16,一戸建住宅,駐車（輪）場,キーなし,なし,乗用自動車
窃盗,自動車盗,佐倉,京成佐倉駅前,122122,千葉県,佐倉市,鍋山町,20240924,20,駐車（輪）場,駐車（輪）場,キーなし,なし,乗用自動車
窃盗,自動車盗,佐倉,京成佐倉駅前,122122,千葉県,佐倉市,弥勒町,20240512,18,一戸建住宅,駐車（輪）場,キーなし,なし,乗用自動車
窃盗,自動車盗,佐倉,佐倉駅前,122122,千葉県,佐倉市,小篠塚,20240405,22,その他,駐車（輪）場,キーあり,なし,貨物自動車
窃盗,自動車盗,佐倉,佐倉駅前,122122,千葉県,佐倉市,城,20240629,19,一戸建住宅,駐車（輪）場,キーなし,なし,乗用自動車
窃盗,自動車盗,佐倉,佐倉駅前,122122,千葉県,佐倉市,六崎,20240118,7,その他,駐車（輪）場,キーなし,あり,なし
窃盗,自動車盗,佐倉,酒々井,123226,千葉県,酒々井町,酒々井,20240126,不明,駐車（輪）場,駐車（輪）場,キーなし,なし,乗用自動車
窃盗,自動車盗,佐倉,酒々井,123226,千葉県,酒々井町,下台,20240511,6,その他,その他,キーなし,なし,貨物自動車
窃盗,自動車盗,佐倉,酒々井,123226,千葉県,酒々井町,墨,20240118,16,一戸建住宅,駐車（輪）場,キーなし,なし,貨物自動車
窃盗,自動車盗,佐倉,京成志津駅前,122122,千葉県,佐倉市,上志津,20241031,10,駐車（輪）場,駐車（輪）場,キーなし,なし,貨物自動車
窃盗,自動車盗,佐倉,京成志津駅前,122122,千葉県,佐倉市,上志津原,20240222,19,その他,その他,キーなし,あり,乗用自動車
窃盗,自動車盗,佐倉,ユーカリが丘,122122,千葉県,佐倉市,上座,20241028,17,その他,その他,キーなし,なし,貨物自動車
窃盗,自動車盗,佐倉,ユーカリが丘,122122,千葉県,佐倉市,上座,20241101,20,一戸建住宅,駐車（輪）場,キーなし,なし,乗用自動車
窃盗,自動車盗,佐倉,ユーカリが丘,122122,千葉県,佐倉市,西ユーカリが丘４丁目,20240409,0,その他の住宅（３階建て以下共同住宅等）,駐車（輪）場,キーなし,あり,乗用自動車
窃盗,自動車盗,佐倉,榎戸,122301,千葉県,八街市,文違,20240611,16,その他,その他,キーなし,なし,貨物自動車
窃盗,自動車盗,佐倉,榎戸,122301,千葉県,八街市,文違,20240605,12,その他,その他,キーなし,なし,乗用自動車
窃盗,自動車盗,佐倉,吉倉,122301,千葉県,八街市,八街い,20240126,14,その他,駐車（輪）場,キーなし,なし,なし
窃盗,自動車盗,佐倉,吉倉,122301,千葉県,八街市,吉倉,20241025,21,その他,駐車（輪）場,キーなし,なし,貨物自動車
窃盗,自動車盗,佐倉,八街駅前,122301,千葉県,八街市,八街に,20241212,19,一戸建住宅,駐車（輪）場,キーなし,あり,なし
窃盗,自動車盗,佐倉,弥富,122122,千葉県,佐倉市,坂戸,不明,不明,その他,その他,キーなし,なし,貨物自動車
窃盗,自動車盗,佐倉,和田,122122,千葉県,佐倉市,下勝田,20240514,0,その他,その他,キーなし,なし,貨物自動車
窃盗,自動車盗,佐倉,和田,122122,千葉県,佐倉市,下勝田,20240509,22,一戸建住宅,その他,キーあり,なし,乗用自動車
窃盗,自動車盗,佐倉,西林,122301,千葉県,八街市,八街い,20240613,22,その他の住宅（３階建て以下共同住宅等）,駐車（輪）場,キーなし,なし,乗用自動車
窃盗,自動車盗,佐倉,西林,122301,千葉県,八街市,八街い,20241031,1,一戸建住宅,駐車（輪）場,キーなし,なし,その他
窃盗,自動車盗,成田,赤坂,122114,千葉県,成田市,はなのき台２丁目,20240920,1,一戸建住宅,駐車（輪）場,キーなし,なし,乗用自動車
窃盗,自動車盗,成田,栄,123293,千葉県,栄町,安食台１丁目,20241122,17,駐車（輪）場,駐車（輪）場,キーなし,なし,乗用自動車
窃盗,自動車盗,成田,七栄,122335,千葉県,富里市,御料,20240405,17,その他,駐車（輪）場,キーなし,あり,乗用自動車
窃盗,自動車盗,成田,七栄,122335,千葉県,富里市,七栄,20240104,18,その他,その他,キーなし,なし,なし
窃盗,自動車盗,成田,七栄,122335,千葉県,富里市,七栄,20240118,19,その他の住宅（３階建て以下共同住宅等）,駐車（輪）場,キーなし,なし,乗用自動車
窃盗,自動車盗,成田,七栄,122335,千葉県,富里市,七栄,20240228,3,その他,その他,キーなし,なし,なし
窃盗,自動車盗,成田,七栄,122335,千葉県,富里市,七栄,20240520,17,その他の住宅（３階建て以下共同住宅等）,駐車（輪）場,キーなし,なし,貨物自動車
窃盗,自動車盗,成田,七栄,122335,千葉県,富里市,七栄,20240530,23,一戸建住宅,駐車（輪）場,キーなし,あり,乗用自動車
窃盗,自動車盗,成田,七栄,122335,千葉県,富里市,七栄,20240619,17,駐車（輪）場,駐車（輪）場,キーなし,あり,乗用自動車
窃盗,自動車盗,成田,七栄,122335,千葉県,富里市,七栄,20240619,20,駐車（輪）場,駐車（輪）場,キーなし,あり,乗用自動車
窃盗,自動車盗,成田,七栄,122335,千葉県,富里市,七栄,20240625,18,その他,駐車（輪）場,キーなし,なし,乗用自動車
窃盗,自動車盗,成田,七栄,122335,千葉県,富里市,七栄,20240912,0,その他の住宅（３階建て以下共同住宅等）,駐車（輪）場,キーなし,あり,乗用自動車
窃盗,自動車盗,成田,七栄,122335,千葉県,富里市,七栄,20241212,23,その他,駐車（輪）場,キーなし,なし,乗用自動車
窃盗,自動車盗,成田,七栄,122335,千葉県,富里市,美沢,20240920,21,その他,駐車（輪）場,キーあり,なし,乗用自動車
窃盗,自動車盗,成田,成田駅前,122114,千葉県,成田市,上町,20241007,19,駐車（輪）場,駐車（輪）場,キーなし,あり,乗用自動車
窃盗,自動車盗,成田,成田駅前,122114,千葉県,成田市,久米野,20240101,9,一戸建住宅,駐車（輪）場,キーあり,なし,貨物自動車
窃盗,自動車盗,成田,成田駅前,122114,千葉県,成田市,寺台,20240912,0,一戸建住宅,駐車（輪）場,キーなし,なし,乗用自動車
窃盗,自動車盗,成田,成田駅前,122114,千葉県,成田市,花崎町,20231224,19,その他,駐車（輪）場,キーなし,なし,乗用自動車
窃盗,自動車盗,成田,成田駅前,122114,千葉県,成田市,花崎町,20231119,14,駐車（輪）場,駐車（輪）場,キーなし,なし,乗用自動車
窃盗,自動車盗,成田,成田駅前,122114,千葉県,成田市,不動ヶ岡,20240304,18,駐車（輪）場,駐車（輪）場,キーあり,なし,乗用自動車
窃盗,自動車盗,成田,成田駅前,122114,千葉県,成田市,公津の杜３丁目,20241002,8,その他の住宅（３階建て以下共同住宅等）,駐車（輪）場,キーなし,あり,乗用自動車
窃盗,自動車盗,成田,日吉台,122335,千葉県,富里市,日吉台１丁目,20240810,22,その他の住宅（３階建て以下共同住宅等）,駐車（輪）場,キーなし,なし,乗用自動車
窃盗,自動車盗,成田,日吉台,122335,千葉県,富里市,日吉台１丁目,20240812,21,その他,駐車（輪）場,キーなし,なし,貨物自動車
窃盗,自動車盗,成田,公津の杜,122114,千葉県,成田市,飯田町,20241002,20,駐車（輪）場,駐車（輪）場,キーなし,あり,乗用自動車
窃盗,自動車盗,成田,公津の杜,122114,千葉県,成田市,宗吾３丁目,20241216,19,その他の住宅（３階建て以下共同住宅等）,駐車（輪）場,キーなし,なし,乗用自動車
窃盗,自動車盗,成田,公津の杜,122114,千葉県,成田市,並木町,20240616,17,その他の住宅（３階建て以下共同住宅等）,駐車（輪）場,キーあり,なし,乗用自動車
窃盗,自動車盗,成田,公津の杜,122114,千葉県,成田市,並木町,20241119,21,その他の住宅（３階建て以下共同住宅等）,駐車（輪）場,キーなし,なし,乗用自動車
窃盗,自動車盗,成田,公津の杜,122114,千葉県,成田市,公津の杜１丁目,20240619,11,その他の住宅（３階建て以下共同住宅等）,駐車（輪）場,キーあり,なし,その他
窃盗,自動車盗,成田,公津の杜,122114,千葉県,成田市,公津の杜５丁目,20240131,16,その他の住宅（３階建て以下共同住宅等）,駐車（輪）場,キーなし,あり,乗用自動車
窃盗,自動車盗,成田,十余三,122114,千葉県,成田市,取香,20240403,22,駐車（輪）場,駐車（輪）場,キーなし,あり,乗用自動車
窃盗,自動車盗,成田,十余三,122114,千葉県,成田市,取香,20240626,0,その他,駐車（輪）場,キーなし,なし,乗用自動車
窃盗,自動車盗,成田,十余三,122114,千葉県,成田市,取香,20240610,11,駐車（輪）場,駐車（輪）場,キーあり,あり,乗用自動車
窃盗,自動車盗,成田,八生,122114,千葉県,成田市,大竹,20240407,18,一戸建住宅,駐車（輪）場,キーなし,なし,乗用自動車
窃盗,自動車盗,成田,八生,122114,千葉県,成田市,大竹,20240509,0,一戸建住宅,駐車（輪）場,キーなし,なし,貨物自動車
窃盗,自動車盗,成田,八生,122114,千葉県,成田市,押畑,20240330,18,一戸建住宅,駐車（輪）場,キーなし,なし,乗用自動車
窃盗,自動車盗,成田,八生,122114,千葉県,成田市,宝田,20240625,20,駐車（輪）場,駐車（輪）場,キーなし,なし,貨物自動車
窃盗,自動車盗,成田,吉岡,122114,千葉県,成田市,吉岡,20240930,16,その他,その他,キーなし,あり,貨物自動車
窃盗,自動車盗,成田,多良貝,122114,千葉県,成田市,官林,20240704,20,その他,その他,キーあり,なし,その他
窃盗,自動車盗,印西,白井,122327,千葉県,白井市,根,20240225,12,その他,その他,キーあり,なし,貨物自動車
窃盗,自動車盗,印西,白井駅前,122327,千葉県,白井市,清戸,20240509,1,その他,その他,キーあり,なし,乗用自動車
窃盗,自動車盗,印西,中央駅前,122319,千葉県,白井市,桜台２丁目,20240130,1,４階建て以上共同住宅,駐車（輪）場,キーなし,なし,なし
窃盗,自動車盗,印西,中央駅前,122319,千葉県,印西市,内野１丁目,20240829,20,４階建て以上共同住宅,駐車（輪）場,キーなし,あり,乗用自動車
窃盗,自動車盗,印西,中央駅前,122319,千葉県,印西市,内野２丁目,20240827,17,４階建て以上共同住宅,駐車（輪）場,キーあり,あり,乗用自動車
窃盗,自動車盗,印西,中央駅前,122319,千葉県,印西市,原山２丁目,20240516,23,４階建て以上共同住宅,駐車（輪）場,キーなし,あり,乗用自動車
窃盗,自動車盗,印西,中央駅前,122319,千葉県,印西市,小倉台２丁目,20240516,19,４階建て以上共同住宅,駐車（輪）場,キーなし,あり,乗用自動車
窃盗,自動車盗,印西,中央駅前,122319,千葉県,印西市,小倉台２丁目,20240705,3,４階建て以上共同住宅,駐車（輪）場,キーなし,あり,乗用自動車
窃盗,自動車盗,印西,中央駅前,122319,千葉県,印西市,小倉台２丁目,20240705,23,４階建て以上共同住宅,駐車（輪）場,キーなし,あり,乗用自動車
窃盗,自動車盗,印西,中央駅前,122319,千葉県,印西市,武西学園台１丁目,20240328,1,４階建て以上共同住宅,駐車（輪）場,キーなし,あり,乗用自動車
窃盗,自動車盗,印西,中央駅前,122319,千葉県,印西市,武西学園台１丁目,20240326,23,４階建て以上共同住宅,駐車（輪）場,キーなし,あり,なし
窃盗,自動車盗,印西,中央駅前,122319,千葉県,印西市,武西学園台３丁目,20240520,21,一戸建住宅,駐車（輪）場,キーなし,あり,乗用自動車
窃盗,自動車盗,印西,中央駅前,122319,千葉県,印西市,武西学園台３丁目,20240520,19,一戸建住宅,駐車（輪）場,キーなし,あり,乗用自動車
窃盗,自動車盗,印西,中央駅前,122319,千葉県,印西市,中央北１丁目,20240828,17,駐車（輪）場,駐車（輪）場,キーなし,あり,なし
窃盗,自動車盗,印西,中央駅前,122319,千葉県,印西市,中央北２丁目,20240323,18,駐車（輪）場,駐車（輪）場,キーなし,あり,なし
窃盗,自動車盗,印西,中央駅前,122319,千葉県,印西市,中央南１丁目,20240119,12,４階建て以上共同住宅,駐車（輪）場,キーあり,あり,乗用自動車
窃盗,自動車盗,印西,中央駅前,122319,千葉県,印西市,中央南１丁目,20240128,15,駐車（輪）場,駐車（輪）場,キーなし,あり,なし
窃盗,自動車盗,印西,中央駅前,122319,千葉県,印西市,中央南１丁目,20240322,18,駐車（輪）場,駐車（輪）場,キーなし,なし,乗用自動車
窃盗,自動車盗,印西,中央駅前,122319,千葉県,印西市,中央南１丁目,20240323,22,駐車（輪）場,駐車（輪）場,キーあり,あり,乗用自動車
窃盗,自動車盗,印西,中央駅前,122319,千葉県,印西市,中央南１丁目,20240816,18,駐車（輪）場,駐車（輪）場,キーなし,あり,なし
窃盗,自動車盗,印西,中央駅前,122319,千葉県,印西市,中央南１丁目,20240818,21,駐車（輪）場,駐車（輪）場,キーなし,あり,乗用自動車
窃盗,自動車盗,印西,中央駅前,122319,千葉県,印西市,中央南２丁目,20240327,20,４階建て以上共同住宅,駐車（輪）場,キーなし,あり,乗用自動車
窃盗,自動車盗,印西,中央駅前,122319,千葉県,印西市,戸神台１丁目,20240112,17,４階建て以上共同住宅,駐車（輪）場,キーなし,あり,乗用自動車
窃盗,自動車盗,印西,中央駅前,122319,千葉県,印西市,戸神台１丁目,20240115,20,４階建て以上共同住宅,駐車（輪）場,キーなし,あり,なし
窃盗,自動車盗,印西,中央駅前,122319,千葉県,印西市,戸神台１丁目,20240129,22,４階建て以上共同住宅,駐車（輪）場,キーなし,あり,乗用自動車
窃盗,自動車盗,印西,中央駅前,122319,千葉県,印西市,戸神台１丁目,20240324,2,４階建て以上共同住宅,駐車（輪）場,キーなし,あり,乗用自動車
窃盗,自動車盗,印西,中央駅前,122327,千葉県,白井市,桜台４丁目,20240319,22,一戸建住宅,駐車（輪）場,キーなし,なし,乗用自動車
窃盗,自動車盗,印西,中央駅前,122327,千葉県,白井市,桜台４丁目,20240319,19,一戸建住宅,駐車（輪）場,キーなし,あり,乗用自動車
窃盗,自動車盗,印西,中央駅前,122327,千葉県,白井市,桜台４丁目,20240622,19,一戸建住宅,駐車（輪）場,キーなし,あり,乗用自動車
窃盗,自動車盗,印西,西白井駅前,122327,千葉県,白井市,けやき台１丁目,20240612,17,４階建て以上共同住宅,駐車（輪）場,キーなし,あり,乗用自動車
窃盗,自動車盗,印西,西白井駅前,122327,千葉県,白井市,根,20240620,17,一戸建住宅,駐車（輪）場,キーなし,あり,乗用自動車
窃盗,自動車盗,印西,西白井駅前,122327,千葉県,白井市,根,20241120,16,駐車（輪）場,駐車（輪）場,キーなし,あり,乗用自動車
窃盗,自動車盗,印西,西白井駅前,122327,千葉県,白井市,西白井１丁目,20240620,22,一戸建住宅,駐車（輪）場,キーなし,なし,乗用自動車
窃盗,自動車盗,印西,西白井駅前,122327,千葉県,白井市,西白井２丁目,20240620,14,その他の住宅（３階建て以下共同住宅等）,駐車（輪）場,キーなし,なし,乗用自動車
窃盗,自動車盗,印西,小林,122319,千葉県,印西市,小林,20240405,19,駐車（輪）場,駐車（輪）場,キーなし,なし,乗用自動車
窃盗,自動車盗,印西,小林,122319,千葉県,印西市,木下東２丁目,20241215,17,駐車（輪）場,駐車（輪）場,キーあり,なし,乗用自動車
窃盗,自動車盗,印西,牧の原,122319,千葉県,印西市,草深,20240216,17,一戸建住宅,駐車（輪）場,キーなし,なし,乗用自動車
窃盗,自動車盗,印西,牧の原,122319,千葉県,印西市,草深,20240216,16,駐車（輪）場,駐車（輪）場,キーなし,あり,なし
窃盗,自動車盗,印西,牧の原,122319,千葉県,印西市,草深,20240726,19,一戸建住宅,駐車（輪）場,キーなし,なし,乗用自動車
窃盗,自動車盗,印西,牧の原,122319,千葉県,印西市,高花１丁目,20240509,20,４階建て以上共同住宅,駐車（輪）場,キーなし,なし,乗用自動車
窃盗,自動車盗,印西,牧の原,122319,千葉県,印西市,西の原３丁目,20240130,21,一戸建住宅,駐車（輪）場,キーなし,あり,乗用自動車
窃盗,自動車盗,印西,牧の原,122319,千葉県,印西市,西の原３丁目,20240216,15,４階建て以上共同住宅,駐車（輪）場,キーなし,なし,なし
窃盗,自動車盗,印西,牧の原,122319,千葉県,印西市,西の原３丁目,20240805,18,その他の住宅（３階建て以下共同住宅等）,駐車（輪）場,キーなし,なし,乗用自動車
窃盗,自動車盗,印西,牧の原,122319,千葉県,印西市,西の原３丁目,20241213,20,４階建て以上共同住宅,駐車（輪）場,キーなし,なし,なし
窃盗,自動車盗,印西,牧の原,122319,千葉県,印西市,原１丁目,20240502,23,その他,駐車（輪）場,キーなし,なし,乗用自動車
窃盗,自動車盗,印西,牧の原,122319,千葉県,印西市,滝野１丁目,20240229,1,一戸建住宅,駐車（輪）場,キーなし,あり,乗用自動車
窃盗,自動車盗,印西,牧の原,122319,千葉県,印西市,滝野４丁目,20241213,20,４階建て以上共同住宅,駐車（輪）場,キーなし,あり,なし
窃盗,自動車盗,印西,牧の原,122319,千葉県,印西市,平賀学園台３丁目,20240829,23,一戸建住宅,駐車（輪）場,キーなし,なし,乗用自動車
窃盗,自動車盗,印西,牧の原,122319,千葉県,印西市,牧の原３丁目,20240130,20,一戸建住宅,駐車（輪）場,キーなし,あり,乗用自動車
窃盗,自動車盗,印西,牧の原,122319,千葉県,印西市,牧の原３丁目,20240202,2,一戸建住宅,駐車（輪）場,キーなし,なし,なし
窃盗,自動車盗,印西,牧の原,122319,千葉県,印西市,牧の原３丁目,20240202,22,一戸建住宅,駐車（輪）場,キーなし,あり,なし
窃盗,自動車盗,印西,牧の原,122319,千葉県,印西市,牧の原４丁目,20240130,21,一戸建住宅,駐車（輪）場,キーなし,なし,乗用自動車
窃盗,自動車盗,印西,木下駅前,122319,千葉県,印西市,大森,20240604,15,一戸建住宅,その他,キーなし,なし,乗用自動車
窃盗,自動車盗,印西,木下駅前,122319,千葉県,印西市,大森,20241116,18,その他の住宅（３階建て以下共同住宅等）,駐車（輪）場,キーなし,なし,乗用自動車
窃盗,自動車盗,印西,木下駅前,122319,千葉県,印西市,木下,20240924,23,一戸建住宅,駐車（輪）場,キーなし,あり,乗用自動車
窃盗,自動車盗,印西,木下駅前,122319,千葉県,印西市,竹袋,20240528,13,その他,その他,キーあり,なし,乗用自動車
窃盗,自動車盗,印西,木下駅前,122319,千葉県,印西市,木下南２丁目,20240201,2,一戸建住宅,駐車（輪）場,キーなし,あり,なし
窃盗,自動車盗,印西,木下駅前,122319,千葉県,印西市,木下南２丁目,20240815,13,その他の住宅（３階建て以下共同住宅等）,駐車（輪）場,キーなし,なし,なし
窃盗,自動車盗,印西,岩戸,122319,千葉県,印西市,師戸,20240327,10,その他,その他,キーなし,なし,貨物自動車
窃盗,自動車盗,印西,浦部,122319,千葉県,印西市,発作,20240216,16,一戸建住宅,駐車（輪）場,キーなし,なし,乗用自動車
窃盗,自動車盗,印西,日本医大駅前,122319,千葉県,印西市,萩原,20241208,20,一戸建住宅,駐車（輪）場,キーなし,なし,乗用自動車
窃盗,自動車盗,印西,日本医大駅前,122319,千葉県,印西市,舞姫１丁目,20241001,18,その他,駐車（輪）場,キーなし,あり,なし
窃盗,自動車盗,印西,布鎌,123293,千葉県,栄町,龍ケ崎町歩,20240204,17,一戸建住宅,駐車（輪）場,キーなし,なし,乗用自動車
窃盗,自動車盗,香取,多古幹部,123471,千葉県,多古町,多古,20240509,17,その他,その他,キーなし,なし,貨物自動車
窃盗,自動車盗,香取,佐原駅前,122360,千葉県,香取市,佐原イ,20240524,20,その他の住宅（３階建て以下共同住宅等）,駐車（輪）場,キーなし,なし,乗用自動車
窃盗,自動車盗,香取,佐原駅前,122360,千葉県,香取市,佐原ロ,20241121,13,その他の住宅（３階建て以下共同住宅等）,駐車（輪）場,キーなし,あり,なし
窃盗,自動車盗,香取,岩部,122360,千葉県,香取市,高萩,20241029,9,その他,その他,キーあり,なし,特殊自動車
窃盗,自動車盗,香取,大戸川,122360,千葉県,香取市,寺内,20240718,18,その他,駐車（輪）場,キーあり,なし,乗用自動車
窃盗,自動車盗,香取,大戸川,122360,千葉県,香取市,森戸,20240618,16,その他,その他,キーなし,なし,乗用自動車
窃盗,自動車盗,香取,北佐原,122360,千葉県,香取市,佐原ニ,20240316,10,一戸建住宅,駐車（輪）場,キーなし,なし,乗用自動車
窃盗,自動車盗,香取,沢,122360,千葉県,香取市,沢,20240901,10,その他,駐車（輪）場,キーなし,なし,特殊自動車
窃盗,自動車盗,香取,中,123471,千葉県,多古町,南中,20240315,6,一戸建住宅,駐車（輪）場,キーあり,あり,乗用自動車
窃盗,自動車盗,香取,豊浦,122360,千葉県,香取市,一ノ分目,20240801,15,その他,その他,キーなし,なし,乗用自動車
窃盗,自動車盗,香取,府馬,122360,千葉県,香取市,志高,20240315,15,道路上,その他,キーあり,なし,貨物自動車
窃盗,自動車盗,香取,橘,123498,千葉県,東庄町,今郡,20240330,21,その他,駐車（輪）場,キーあり,なし,乗用自動車
窃盗,自動車盗,銚子,中央,122025,千葉県,銚子市,新生町２丁目,20241002,22,その他,駐車（輪）場,キーなし,なし,乗用自動車
窃盗,自動車盗,銚子,中央,122025,千葉県,銚子市,飯沼町,20240802,10,その他,その他,キーあり,なし,特殊自動車
窃盗,自動車盗,銚子,海鹿島,122025,千葉県,銚子市,海鹿島町,不明,不明,一戸建住宅,駐車（輪）場,キーなし,なし,乗用自動車
窃盗,自動車盗,銚子,高神,122025,千葉県,銚子市,天王台,20241128,15,その他,その他,キーなし,なし,特殊自動車
窃盗,自動車盗,銚子,豊里,122025,千葉県,銚子市,桜井町,20240811,10,一戸建住宅,駐車（輪）場,キーあり,なし,貨物自動車
窃盗,自動車盗,旭,署所在地,122157,千葉県,旭市,新町,20240412,11,その他,駐車（輪）場,キーなし,なし,貨物自動車
窃盗,自動車盗,旭,嚶鳴,122157,千葉県,旭市,江ケ崎,20231227,14,その他,その他,キーあり,なし,なし
窃盗,自動車盗,旭,鶴巻,122157,千葉県,旭市,蛇園,20240621,20,一戸建住宅,駐車（輪）場,キーなし,なし,乗用自動車
窃盗,自動車盗,旭,鶴巻,122157,千葉県,旭市,蛇園,20241028,22,その他,その他,キーなし,なし,貨物自動車
窃盗,自動車盗,旭,中和,122157,千葉県,旭市,長部,20240315,19,駐車（輪）場,駐車（輪）場,キーあり,なし,貨物自動車
窃盗,自動車盗,匝瑳,署所在地,122351,千葉県,匝瑳市,八日市場ホ,20241013,22,その他の住宅（３階建て以下共同住宅等）,駐車（輪）場,キーなし,なし,乗用自動車
窃盗,自動車盗,山武,沖渡,122378,千葉県,山武市,大木,20241201,16,一戸建住宅,駐車（輪）場,キーなし,なし,貨物自動車
窃盗,自動車盗,山武,沖渡,122378,千葉県,山武市,横田,20240524,20,その他,その他,キーあり,なし,乗用自動車
窃盗,自動車盗,山武,上堺,124109,千葉県,横芝光町,新島,20240209,18,その他の住宅（３階建て以下共同住宅等）,駐車（輪）場,キーなし,なし,乗用自動車
窃盗,自動車盗,山武,豊岡,122378,千葉県,山武市,松尾町　金尾,20240228,12,その他,その他,キーなし,なし,乗用自動車
窃盗,自動車盗,山武,南郷,122378,千葉県,山武市,上横地,20240510,18,その他,その他,キーあり,なし,貨物自動車
窃盗,自動車盗,山武,日向,122378,千葉県,山武市,雨坪,20240209,10,その他,その他,キーなし,なし,貨物自動車
窃盗,自動車盗,山武,日向,122378,千葉県,山武市,椎崎,20241218,12,駐車（輪）場,駐車（輪）場,キーなし,なし,乗用自動車
窃盗,自動車盗,山武,松尾,122378,千葉県,山武市,松尾町　五反田,20240531,3,一戸建住宅,駐車（輪）場,キーあり,なし,貨物自動車
窃盗,自動車盗,東金,大網駅前,122394,千葉県,大網白里市,大網,20240905,17,その他,駐車（輪）場,キーなし,あり,乗用自動車
窃盗,自動車盗,東金,東金駅前,122131,千葉県,東金市,家之子,20240718,17,その他,その他,キーあり,なし,貨物自動車
窃盗,自動車盗,東金,東金駅前,122131,千葉県,東金市,南上宿,20240411,15,その他,駐車（輪）場,キーなし,なし,貨物自動車
窃盗,自動車盗,東金,増穂,122394,千葉県,大網白里市,ながた野２丁目,20240530,19,一戸建住宅,駐車（輪）場,キーなし,あり,乗用自動車
窃盗,自動車盗,東金,丘山,122131,千葉県,東金市,滝,20240130,15,駐車（輪）場,駐車（輪）場,キーなし,なし,貨物自動車
窃盗,自動車盗,東金,丘山,122131,千葉県,東金市,山田,不明,不明,その他,その他,キーなし,なし,乗用自動車
窃盗,自動車盗,東金,作田,124036,千葉県,九十九里町,作田,20240906,12,駐車（輪）場,駐車（輪）場,キーなし,あり,乗用自動車
窃盗,自動車盗,東金,白里,122394,千葉県,大網白里市,北今泉,20240215,10,一戸建住宅,駐車（輪）場,キーあり,なし,乗用自動車
窃盗,自動車盗,東金,白里,122394,千葉県,大網白里市,四天木,20240317,15,その他,その他,キーなし,なし,乗用自動車
窃盗,自動車盗,東金,関内,122131,千葉県,東金市,下武射田,20240519,11,その他,その他,キーあり,なし,その他
窃盗,自動車盗,東金,道庭,122131,千葉県,東金市,求名,20240413,7,一戸建住宅,その他,キーあり,なし,乗用自動車
窃盗,自動車盗,東金,源,122131,千葉県,東金市,極楽寺,20240929,16,その他,その他,キーなし,なし,貨物自動車
窃盗,自動車盗,東金,源,122131,千葉県,東金市,極楽寺,20241003,13,道路上,その他,キーなし,あり,乗用自動車
窃盗,自動車盗,茂原,新茂原,122106,千葉県,茂原市,小林,20240229,10,その他,その他,キーなし,なし,乗用自動車
窃盗,自動車盗,茂原,新茂原,122106,千葉県,茂原市,長尾,20240323,16,一戸建住宅,駐車（輪）場,キーなし,なし,貨物自動車
窃盗,自動車盗,茂原,関,122106,千葉県,茂原市,真名,20240322,2,その他,その他,キーなし,なし,なし
窃盗,自動車盗,茂原,長柄,124265,千葉県,長柄町,国府里,20241024,6,その他,駐車（輪）場,キーあり,なし,貨物自動車
窃盗,自動車盗,茂原,二宮,122106,千葉県,茂原市,国府関,20240221,16,その他,その他,キーなし,なし,貨物自動車
窃盗,自動車盗,茂原,八積,124231,千葉県,長生村,七井土,20241029,22,その他,駐車（輪）場,キーなし,なし,貨物自動車
窃盗,自動車盗,勝浦,大多喜幹部,124419,千葉県,大多喜町,久保,20240712,18,その他,駐車（輪）場,キーなし,なし,貨物自動車
窃盗,自動車盗,市原,南総幹部,122190,千葉県,市原市,大蔵,不明,不明,その他,その他,キーなし,なし,特殊自動車
窃盗,自動車盗,市原,姉崎,122190,千葉県,市原市,姉崎,20231220,8,一戸建住宅,その他,キーなし,なし,乗用自動車
窃盗,自動車盗,市原,姉崎,122190,千葉県,市原市,姉崎海岸,20240719,18,その他,その他,キーあり,なし,貨物自動車
窃盗,自動車盗,市原,菊間,122190,千葉県,市原市,菊間,20240115,16,その他,その他,キーなし,なし,貨物自動車
窃盗,自動車盗,市原,菊間,122190,千葉県,市原市,菊間,20240327,18,その他,駐車（輪）場,キーなし,なし,乗用自動車
窃盗,自動車盗,市原,菊間,122190,千葉県,市原市,菊間,20240906,12,その他,その他,キーあり,なし,貨物自動車
窃盗,自動車盗,市原,五井駅前,122190,千葉県,市原市,五井東３丁目,20240408,22,その他,駐車（輪）場,キーあり,あり,乗用自動車
窃盗,自動車盗,市原,辰巳台,122190,千葉県,市原市,辰巳台東３丁目,20240911,15,一戸建住宅,駐車（輪）場,キーあり,なし,貨物自動車
窃盗,自動車盗,市原,藤井,122190,千葉県,市原市,海保,20240817,16,その他,駐車（輪）場,キーなし,なし,貨物自動車
窃盗,自動車盗,市原,藤井,122190,千葉県,市原市,能満,20241003,16,その他,駐車（輪）場,キーなし,なし,貨物自動車
窃盗,自動車盗,市原,八幡宿駅前,122190,千葉県,市原市,八幡,20240126,14,その他,駐車（輪）場,キーなし,なし,貨物自動車
窃盗,自動車盗,市原,八幡宿駅前,122190,千葉県,市原市,八幡海岸通,20231229,16,その他,その他,キーなし,なし,貨物自動車
窃盗,自動車盗,市原,八幡宿駅前,122190,千葉県,市原市,八幡北町３丁目,20240615,23,その他,駐車（輪）場,キーなし,なし,乗用自動車
窃盗,自動車盗,市原,光風台,122190,千葉県,市原市,栢橋,20240716,16,その他,その他,キーなし,なし,貨物自動車
窃盗,自動車盗,市原,ちはら台駅前,122190,千葉県,市原市,ちはら台南３丁目,20240622,16,その他,その他,キーあり,なし,貨物自動車
窃盗,自動車盗,市原,白金,122190,千葉県,市原市,五井海岸,20240119,15,その他,その他,キーあり,なし,なし
窃盗,自動車盗,市原,五井西,122190,千葉県,市原市,飯沼,20240507,14,その他,その他,キーなし,なし,特殊自動車
窃盗,自動車盗,市原,五井西,122190,千葉県,市原市,岩崎１丁目,20240502,18,その他の住宅（３階建て以下共同住宅等）,駐車（輪）場,キーあり,なし,乗用自動車
窃盗,自動車盗,市原,五井西,122190,千葉県,市原市,島野,20240622,18,一戸建住宅,駐車（輪）場,キーなし,なし,乗用自動車
窃盗,自動車盗,市原,潤井戸,122190,千葉県,市原市,潤井戸,20240623,11,その他,その他,キーなし,なし,特殊自動車
窃盗,自動車盗,市原,市西,122190,千葉県,市原市,海士有木,20240101,11,その他,その他,キーなし,なし,貨物自動車
窃盗,自動車盗,市原,市西,122190,千葉県,市原市,新堀,20240119,17,その他,駐車（輪）場,キーなし,なし,貨物自動車
窃盗,自動車盗,市原,廿五里,122190,千葉県,市原市,廿五里,20240501,20,その他の住宅（３階建て以下共同住宅等）,駐車（輪）場,キーなし,なし,乗用自動車
窃盗,自動車盗,市原,東国吉,122190,千葉県,市原市,高倉,20240617,18,一戸建住宅,駐車（輪）場,キーなし,なし,なし
窃盗,自動車盗,市原,東国吉,122190,千葉県,市原市,東国吉,20240617,18,その他,駐車（輪）場,キーなし,なし,貨物自動車
窃盗,自動車盗,市原,平三,122190,千葉県,市原市,平蔵,20240318,21,その他,駐車（輪）場,キーなし,なし,貨物自動車
窃盗,自動車盗,木更津,岩根駅前,122068,千葉県,木更津市,高柳１丁目,20240425,17,その他,駐車（輪）場,キーなし,なし,貨物自動車
窃盗,自動車盗,木更津,岩根駅前,122068,千葉県,木更津市,高柳１丁目,20240605,19,その他,駐車（輪）場,キーなし,なし,貨物自動車
窃盗,自動車盗,木更津,清見台,122068,千葉県,木更津市,中尾,20241022,14,駐車（輪）場,駐車（輪）場,キーなし,なし,乗用自動車
窃盗,自動車盗,木更津,長須賀,122068,千葉県,木更津市,長須賀,20240606,17,その他,駐車（輪）場,キーなし,なし,なし
窃盗,自動車盗,木更津,江川,122068,千葉県,木更津市,久津間,20240319,19,その他の住宅（３階建て以下共同住宅等）,駐車（輪）場,キーなし,なし,乗用自動車
窃盗,自動車盗,木更津,中郷,122297,千葉県,袖ケ浦市,川原井,20240731,15,その他,その他,キーあり,なし,貨物自動車
窃盗,自動車盗,木更津,平岡,122297,千葉県,袖ケ浦市,川原井,20240607,19,その他,その他,キーなし,なし,貨物自動車
窃盗,自動車盗,木更津,波岡,122068,千葉県,木更津市,大久保,20241023,17,その他,その他,キーなし,なし,貨物自動車
窃盗,自動車盗,木更津,波岡,122068,千葉県,木更津市,羽鳥野６丁目,20240820,18,一戸建住宅,駐車（輪）場,キーなし,あり,乗用自動車
窃盗,自動車盗,君津,周南,122254,千葉県,君津市,常代,20240117,16,一戸建住宅,駐車（輪）場,キーなし,なし,貨物自動車
窃盗,自動車盗,君津,中,122254,千葉県,君津市,六手,20240320,17,駐車（輪）場,駐車（輪）場,キーあり,なし,貨物自動車
窃盗,自動車盗,富津,竹岡,122262,千葉県,富津市,数馬,20240409,13,駐車（輪）場,駐車（輪）場,キーなし,なし,貨物自動車
窃盗,自動車盗,館山,那古,122050,千葉県,館山市,那古,20241119,0,その他,駐車（輪）場,キーあり,なし,乗用自動車
窃盗,自動車盗,鴨川,東条,122238,千葉県,鴨川市,和泉,20241207,17,その他,その他,キーあり,なし,特殊自動車
窃盗,自動車盗,鴨川,吉尾,122238,千葉県,鴨川市,北風原,20240923,17,一戸建住宅,その他,キーなし,なし,貨物自動車
窃盗,自動車盗,千葉西,稲毛海岸駅前,121061,千葉県,千葉市美浜区,稲毛海岸２丁目,20241127,3,４階建て以上共同住宅,駐車（輪）場,キーなし,あり,なし
窃盗,自動車盗,千葉西,稲毛海岸駅前,121061,千葉県,千葉市美浜区,稲毛海岸５丁目,20240224,6,一戸建住宅,駐車（輪）場,キーなし,なし,乗用自動車
窃盗,自動車盗,千葉西,稲毛海岸駅前,121061,千葉県,千葉市美浜区,高洲１丁目,20240117,23,４階建て以上共同住宅,駐車（輪）場,キーなし,あり,なし
窃盗,自動車盗,千葉西,検見川浜駅前,121061,千葉県,千葉市美浜区,磯辺５丁目,20240716,18,４階建て以上共同住宅,駐車（輪）場,キーなし,なし,乗用自動車
窃盗,自動車盗,千葉西,小中台,121037,千葉県,千葉市稲毛区,小中台町,20240201,19,駐車（輪）場,駐車（輪）場,キーなし,あり,乗用自動車
窃盗,自動車盗,千葉西,幸町,121061,千葉県,千葉市美浜区,幸町２丁目,20240211,16,その他,駐車（輪）場,キーなし,なし,乗用自動車
窃盗,自動車盗,千葉西,新検見川駅前,121029,千葉県,千葉市花見川区,検見川町１丁目,20240905,2,その他の住宅（３階建て以下共同住宅等）,駐車（輪）場,キーなし,あり,なし
窃盗,自動車盗,千葉西,新検見川駅前,121029,千葉県,千葉市花見川区,花園３丁目,20241001,20,駐車（輪）場,駐車（輪）場,キーなし,なし,乗用自動車
窃盗,自動車盗,千葉西,新検見川駅前,121029,千葉県,千葉市花見川区,花園町,不明,不明,その他の住宅（３階建て以下共同住宅等）,駐車（輪）場,キーなし,なし,乗用自動車
窃盗,自動車盗,千葉西,新検見川駅前,121029,千葉県,千葉市花見川区,花園町,20240428,14,４階建て以上共同住宅,駐車（輪）場,キーなし,なし,乗用自動車
窃盗,自動車盗,千葉西,新検見川駅前,121029,千葉県,千葉市花見川区,花園町,20230924,11,駐車（輪）場,駐車（輪）場,キーなし,なし,乗用自動車
窃盗,自動車盗,千葉西,幕張,121061,千葉県,千葉市美浜区,幕張西６丁目,20240320,22,一戸建住宅,駐車（輪）場,キーあり,あり,乗用自動車
窃盗,自動車盗,千葉西,幕張,121061,千葉県,千葉市美浜区,幕張西６丁目,20240328,22,一戸建住宅,駐車（輪）場,キーなし,あり,乗用自動車
窃盗,自動車盗,千葉西,幕張メッセ,121061,千葉県,千葉市美浜区,打瀬１丁目,20240810,18,４階建て以上共同住宅,駐車（輪）場,キーなし,あり,乗用自動車
窃盗,自動車盗,千葉西,幕張メッセ,121061,千葉県,千葉市美浜区,打瀬２丁目,20240709,17,駐車（輪）場,駐車（輪）場,キーなし,あり,乗用自動車
窃盗,自動車盗,千葉西,幕張メッセ,121061,千葉県,千葉市美浜区,打瀬３丁目,20241004,1,道路上,その他,キーなし,あり,乗用自動車
窃盗,自動車盗,千葉西,幕張メッセ,121061,千葉県,千葉市美浜区,浜田１丁目,20240915,23,駐車（輪）場,駐車（輪）場,キーなし,あり,乗用自動車
窃盗,自動車盗,千葉西,幕張メッセ,121061,千葉県,千葉市美浜区,ひび野２丁目,20240716,14,その他,駐車（輪）場,キーなし,あり,乗用自動車
窃盗,自動車盗,千葉西,幕張メッセ,121061,千葉県,千葉市美浜区,若葉３丁目,20240517,23,駐車（輪）場,駐車（輪）場,キーなし,あり,乗用自動車
窃盗,自動車盗,千葉西,幕張本郷駅前,121029,千葉県,千葉市花見川区,幕張本郷１丁目,20240214,20,駐車（輪）場,駐車（輪）場,キーあり,あり,乗用自動車
窃盗,自動車盗,千葉西,幕張本郷駅前,121029,千葉県,千葉市花見川区,幕張本郷１丁目,20241102,1,駐車（輪）場,駐車（輪）場,キーなし,あり,乗用自動車
窃盗,自動車盗,千葉西,幕張本郷駅前,121029,千葉県,千葉市花見川区,幕張本郷３丁目,20241104,12,その他,駐車（輪）場,キーなし,あり,乗用自動車
窃盗,自動車盗,千葉西,幕張本郷駅前,121029,千葉県,千葉市花見川区,幕張本郷７丁目,20240122,20,４階建て以上共同住宅,駐車（輪）場,キーなし,あり,乗用自動車
窃盗,自動車盗,千葉西,真砂,121061,千葉県,千葉市美浜区,真砂５丁目,20240612,6,一戸建住宅,駐車（輪）場,キーなし,あり,乗用自動車
窃盗,自動車盗,千葉西,真砂,121061,千葉県,千葉市美浜区,真砂５丁目,20240613,12,駐車（輪）場,駐車（輪）場,キーなし,あり,乗用自動車
窃盗,自動車盗,八千代,米本,122211,千葉県,八千代市,平戸,20230701,不明,その他,駐車（輪）場,キーなし,なし,なし
窃盗,自動車盗,八千代,大和田駅前,122211,千葉県,八千代市,萱田町,20240117,18,一戸建住宅,その他,キーなし,あり,乗用自動車
窃盗,自動車盗,八千代,勝田台,122211,千葉県,八千代市,勝田台４丁目,20240724,19,一戸建住宅,駐車（輪）場,キーなし,あり,乗用自動車
窃盗,自動車盗,八千代,勝田台,122211,千葉県,八千代市,勝田台７丁目,20240907,18,一戸建住宅,駐車（輪）場,キーなし,あり,乗用自動車
窃盗,自動車盗,八千代,勝田台,122211,千葉県,八千代市,勝田台南２丁目,20240728,0,一戸建住宅,駐車（輪）場,キーなし,あり,乗用自動車
窃盗,自動車盗,八千代,高津,122211,千葉県,八千代市,大和田新田,20240102,14,その他,その他,キーなし,なし,貨物自動車
窃盗,自動車盗,八千代,八千代台駅前,122211,千葉県,八千代市,八千代台西７丁目,20240424,18,一戸建住宅,駐車（輪）場,キーなし,あり,乗用自動車
窃盗,自動車盗,八千代,米本,122211,千葉県,八千代市,平戸,20240319,18,その他,その他,キーなし,なし,乗用自動車
窃盗,自動車盗,八千代,八千代緑が丘駅前,122211,千葉県,八千代市,緑が丘２丁目,20240320,12,駐車（輪）場,駐車（輪）場,キーなし,なし,乗用自動車
窃盗,自動車盗,八千代,八千代緑が丘駅前,122211,千葉県,八千代市,緑が丘西１丁目,20240328,21,駐車（輪）場,駐車（輪）場,キーあり,あり,乗用自動車
窃盗,自動車盗,八千代,八千代緑が丘駅前,122211,千葉県,八千代市,緑が丘西４丁目,20240312,22,駐車（輪）場,駐車（輪）場,キーなし,あり,乗用自動車
窃盗,自動車盗,八千代,村上駅前,122211,千葉県,八千代市,村上,20240202,18,４階建て以上共同住宅,駐車（輪）場,キーなし,あり,乗用自動車
窃盗,自動車盗,八千代,村上駅前,122211,千葉県,八千代市,下市場１丁目,20240122,6,その他の住宅（３階建て以下共同住宅等）,駐車（輪）場,キーなし,あり,なし
窃盗,自動車盗,八千代,村上駅前,122211,千葉県,八千代市,下市場１丁目,20240313,20,その他の住宅（３階建て以下共同住宅等）,駐車（輪）場,キーなし,なし,乗用自動車
窃盗,自動車盗,八千代,村上駅前,122211,千葉県,八千代市,勝田台北３丁目,20240128,23,駐車（輪）場,駐車（輪）場,キーなし,なし,乗用自動車
窃盗,自動車盗,八千代,睦,122211,千葉県,八千代市,島田台,20231226,23,一戸建住宅,駐車（輪）場,キーなし,あり,乗用自動車
窃盗,自動車盗,八千代,睦,122211,千葉県,八千代市,桑橋,20240214,4,一戸建住宅,駐車（輪）場,キーなし,あり,なし
窃盗,自動車盗,船橋東,大穴,122041,千葉県,船橋市,三咲３丁目,20240215,21,一戸建住宅,駐車（輪）場,キーなし,あり,乗用自動車
窃盗,自動車盗,船橋東,大穴,122041,千葉県,船橋市,三咲３丁目,20241010,21,一戸建住宅,駐車（輪）場,キーなし,なし,乗用自動車
窃盗,自動車盗,船橋東,大穴,122041,千葉県,船橋市,大穴北４丁目,20240326,21,その他,駐車（輪）場,キーなし,なし,乗用自動車
窃盗,自動車盗,船橋東,小室駅前,122041,千葉県,船橋市,小室町,20241008,21,一戸建住宅,駐車（輪）場,キーなし,あり,乗用自動車
窃盗,自動車盗,船橋東,芝山,122041,千葉県,船橋市,飯山満町２丁目,20240521,20,その他の住宅（３階建て以下共同住宅等）,駐車（輪）場,キーなし,あり,なし
窃盗,自動車盗,船橋東,芝山,122041,千葉県,船橋市,飯山満町３丁目,20240525,0,その他の住宅（３階建て以下共同住宅等）,駐車（輪）場,キーなし,あり,乗用自動車
窃盗,自動車盗,船橋東,高根台,122041,千葉県,船橋市,高野台,20240309,19,駐車（輪）場,駐車（輪）場,キーなし,なし,乗用自動車
窃盗,自動車盗,船橋東,高根台,122041,千葉県,船橋市,高根台６丁目,20240315,18,駐車（輪）場,駐車（輪）場,キーあり,あり,乗用自動車
窃盗,自動車盗,船橋東,習志野台,122041,千葉県,船橋市,習志野台１丁目,20240213,16,その他,駐車（輪）場,キーなし,なし,乗用自動車
窃盗,自動車盗,船橋東,習志野台,122041,千葉県,船橋市,習志野台４丁目,20240608,17,駐車（輪）場,駐車（輪）場,キーなし,なし,乗用自動車
窃盗,自動車盗,船橋東,習志野台,122041,千葉県,船橋市,習志野台４丁目,20240928,15,４階建て以上共同住宅,駐車（輪）場,キーなし,なし,乗用自動車
窃盗,自動車盗,船橋東,習志野台,122041,千葉県,船橋市,習志野台５丁目,20241125,22,駐車（輪）場,駐車（輪）場,キーなし,あり,なし
窃盗,自動車盗,船橋東,習志野台,122041,千葉県,船橋市,習志野台６丁目,20240306,16,４階建て以上共同住宅,駐車（輪）場,キーなし,あり,乗用自動車
窃盗,自動車盗,船橋東,習志野台,122041,千葉県,船橋市,習志野台８丁目,20240620,6,その他,駐車（輪）場,キーあり,なし,貨物自動車
窃盗,自動車盗,船橋東,二和,122041,千葉県,船橋市,高野台１丁目,20241212,3,駐車（輪）場,駐車（輪）場,キーなし,あり,なし
窃盗,自動車盗,船橋東,二和,122041,千葉県,船橋市,みやぎ台１丁目,20240809,17,その他,駐車（輪）場,キーあり,なし,乗用自動車
窃盗,自動車盗,船橋東,二和,122041,千葉県,船橋市,大穴北４丁目,20240227,21,一戸建住宅,駐車（輪）場,キーあり,なし,乗用自動車
窃盗,自動車盗,船橋東,古和釜,122041,千葉県,船橋市,坪井東２丁目,20240130,18,一戸建住宅,駐車（輪）場,キーなし,あり,乗用自動車
窃盗,自動車盗,船橋東,古和釜,122041,千葉県,船橋市,坪井東２丁目,20240808,19,一戸建住宅,駐車（輪）場,キーなし,なし,乗用自動車
窃盗,自動車盗,我孫子,我孫子駅前,122220,千葉県,我孫子市,我孫子１丁目,20241126,7,駐車（輪）場,駐車（輪）場,キーなし,なし,乗用自動車
窃盗,自動車盗,我孫子,我孫子駅前,122220,千葉県,我孫子市,我孫子２丁目,20240106,22,駐車（輪）場,駐車（輪）場,キーなし,あり,乗用自動車
窃盗,自動車盗,我孫子,我孫子駅前,122220,千葉県,我孫子市,我孫子２丁目,20241006,21,４階建て以上共同住宅,駐車（輪）場,キーなし,なし,乗用自動車
窃盗,自動車盗,我孫子,我孫子駅前,122220,千葉県,我孫子市,寿１丁目,20240813,17,駐車（輪）場,駐車（輪）場,キーなし,なし,乗用自動車
窃盗,自動車盗,我孫子,我孫子駅前,122220,千葉県,我孫子市,湖北台７丁目,20241112,19,４階建て以上共同住宅,駐車（輪）場,キーなし,あり,乗用自動車
窃盗,自動車盗,我孫子,我孫子駅前,122220,千葉県,我孫子市,台田３丁目,20240918,3,４階建て以上共同住宅,駐車（輪）場,キーなし,あり,なし
窃盗,自動車盗,我孫子,湖北台,122220,千葉県,我孫子市,中峠,20241008,18,その他,その他,キーなし,なし,貨物自動車
窃盗,自動車盗,我孫子,湖北台,122220,千葉県,我孫子市,中峠台,20241114,22,その他の住宅（３階建て以下共同住宅等）,駐車（輪）場,キーなし,なし,乗用自動車
窃盗,自動車盗,我孫子,つくし野,122220,千葉県,我孫子市,我孫子４丁目,20240615,19,駐車（輪）場,駐車（輪）場,キーなし,なし,乗用自動車
窃盗,自動車盗,我孫子,つくし野,122220,千葉県,我孫子市,並木６丁目,20240917,20,一戸建住宅,駐車（輪）場,キーなし,あり,なし
窃盗,自動車盗,我孫子,天王台,122220,千葉県,我孫子市,天王台２丁目,20240901,13,駐車（輪）場,駐車（輪）場,キーなし,なし,乗用自動車
窃盗,自動車盗,我孫子,天王台,122220,千葉県,我孫子市,天王台５丁目,20240127,20,駐車（輪）場,駐車（輪）場,キーなし,あり,乗用自動車
窃盗,自動車盗,我孫子,天王台,122220,千葉県,我孫子市,柴崎台１丁目,20240119,21,駐車（輪）場,駐車（輪）場,キーなし,なし,乗用自動車
窃盗,自動車盗,我孫子,天王台,122220,千葉県,我孫子市,柴崎台４丁目,20240906,22,その他,駐車（輪）場,キーなし,なし,乗用自動車
窃盗,自動車盗,我孫子,布佐駅前,122220,千葉県,我孫子市,布佐,20240728,18,駐車（輪）場,駐車（輪）場,キーなし,あり,乗用自動車
窃盗,自動車盗,我孫子,布佐駅前,122220,千葉県,我孫子市,布佐,20240819,19,駐車（輪）場,駐車（輪）場,キーなし,なし,乗用自動車
窃盗,自動車盗,我孫子,布佐駅前,122220,千葉県,我孫子市,布佐,20240916,18,駐車（輪）場,駐車（輪）場,キーなし,なし,乗用自動車
窃盗,自動車盗,我孫子,布佐駅前,122220,千葉県,我孫子市,布佐１丁目,20240221,22,一戸建住宅,駐車（輪）場,キーなし,あり,乗用自動車
窃盗,自動車盗,我孫子,布佐駅前,122220,千葉県,我孫子市,都,20240826,0,その他の住宅（３階建て以下共同住宅等）,駐車（輪）場,キーなし,なし,乗用自動車
窃盗,自動車盗,我孫子,布佐駅前,122220,千葉県,我孫子市,布佐酉町,20240908,18,駐車（輪）場,駐車（輪）場,キーなし,なし,乗用自動車
窃盗,自動車盗,我孫子,東我孫子,122220,千葉県,我孫子市,東我孫子,20240916,16,駐車（輪）場,駐車（輪）場,キーなし,なし,乗用自動車
窃盗,自動車盗,松戸東,小金,122076,千葉県,松戸市,大金平５丁目,20241128,1,一戸建住宅,駐車（輪）場,キーなし,あり,なし
窃盗,自動車盗,松戸東,小金原,122076,千葉県,松戸市,金ケ作,20240525,11,駐車（輪）場,駐車（輪）場,キーなし,あり,乗用自動車
窃盗,自動車盗,松戸東,小金原,122076,千葉県,松戸市,久保平賀,20241016,18,駐車（輪）場,駐車（輪）場,キーなし,あり,乗用自動車
窃盗,自動車盗,松戸東,小金原,122076,千葉県,松戸市,小金原３丁目,20240104,21,駐車（輪）場,駐車（輪）場,キーなし,あり,乗用自動車
窃盗,自動車盗,松戸東,小金原,122076,千葉県,松戸市,小金原３丁目,20240116,22,その他の住宅（３階建て以下共同住宅等）,駐車（輪）場,キーなし,なし,乗用自動車
窃盗,自動車盗,松戸東,小金原,122076,千葉県,松戸市,小金原６丁目,20240829,18,駐車（輪）場,駐車（輪）場,キーあり,なし,乗用自動車
窃盗,自動車盗,松戸東,小金原,122076,千葉県,松戸市,根木内,20240327,20,駐車（輪）場,駐車（輪）場,キーなし,なし,乗用自動車
窃盗,自動車盗,松戸東,小金原,122076,千葉県,松戸市,根木内,20240324,11,駐車（輪）場,駐車（輪）場,キーなし,なし,乗用自動車
窃盗,自動車盗,松戸東,五香,122076,千葉県,松戸市,五香４丁目,20241117,17,駐車（輪）場,駐車（輪）場,キーなし,なし,乗用自動車
窃盗,自動車盗,松戸東,常盤平,122076,千葉県,松戸市,金ケ作,20240309,1,駐車（輪）場,駐車（輪）場,キーなし,あり,乗用自動車
窃盗,自動車盗,松戸東,常盤平,122076,千葉県,松戸市,常盤平１丁目,20240715,1,４階建て以上共同住宅,駐車（輪）場,キーなし,なし,乗用自動車
窃盗,自動車盗,松戸東,常盤平,122076,千葉県,松戸市,常盤平３丁目,20241007,1,駐車（輪）場,駐車（輪）場,キーあり,あり,乗用自動車
窃盗,自動車盗,松戸東,馬橋,122076,千葉県,松戸市,八ケ崎１丁目,20240325,23,駐車（輪）場,駐車（輪）場,キーなし,なし,乗用自動車
窃盗,自動車盗,松戸東,馬橋,122076,千葉県,松戸市,八ケ崎６丁目,20240108,19,駐車（輪）場,駐車（輪）場,キーなし,あり,乗用自動車
窃盗,自動車盗,松戸東,馬橋,122076,千葉県,松戸市,馬橋,20240407,7,駐車（輪）場,駐車（輪）場,キーなし,あり,乗用自動車
窃盗,自動車盗,松戸東,馬橋,122076,千葉県,松戸市,三ケ月,20241006,17,その他の住宅（３階建て以下共同住宅等）,駐車（輪）場,キーなし,あり,乗用自動車
窃盗,自動車盗,流山,江戸川台,122203,千葉県,流山市,大字南,不明,不明,その他,その他,キーなし,なし,特殊自動車
窃盗,自動車盗,流山,東部,122203,千葉県,流山市,名都借,20240602,11,その他,駐車（輪）場,キーなし,なし,貨物自動車
窃盗,自動車盗,流山,東部,122203,千葉県,流山市,前ケ崎,20240927,17,その他,駐車（輪）場,キーなし,なし,なし
窃盗,自動車盗,流山,東部,122203,千葉県,流山市,松ケ丘１丁目,20240618,20,その他の住宅（３階建て以下共同住宅等）,駐車（輪）場,キーなし,あり,乗用自動車
窃盗,自動車盗,流山,流山中央,122203,千葉県,流山市,前平井,20241023,20,駐車（輪）場,駐車（輪）場,キーあり,なし,乗用自動車
窃盗,自動車盗,流山,流山中央,122203,千葉県,流山市,加６丁目,20240301,23,一戸建住宅,駐車（輪）場,キーなし,なし,乗用自動車
窃盗,自動車盗,流山,流山中央,122203,千葉県,流山市,三輪野山１丁目,20240416,7,駐車（輪）場,駐車（輪）場,キーなし,なし,乗用自動車
窃盗,自動車盗,流山,流山中央,122203,千葉県,流山市,三輪野山１丁目,20240416,23,その他,駐車（輪）場,キーあり,あり,乗用自動車
窃盗,自動車盗,流山,初石,122203,千葉県,流山市,駒木,20240314,19,一戸建住宅,駐車（輪）場,キーなし,なし,なし
窃盗,自動車盗,流山,初石,122203,千葉県,流山市,西初石４丁目,20240323,22,一戸建住宅,駐車（輪）場,キーなし,あり,乗用自動車
窃盗,自動車盗,流山,初石,122203,千葉県,流山市,東初石３丁目,20240113,14,４階建て以上共同住宅,駐車（輪）場,キーなし,なし,乗用自動車
窃盗,自動車盗,流山,南流山駅前,122203,千葉県,流山市,大字西平井,20240926,19,駐車（輪）場,駐車（輪）場,キーあり,あり,乗用自動車
窃盗,自動車盗,流山,南流山駅前,122203,千葉県,流山市,南流山１丁目,20240630,18,駐車（輪）場,駐車（輪）場,キーなし,なし,乗用自動車
窃盗,自動車盗,流山,南流山駅前,122203,千葉県,流山市,南流山２丁目,20241209,9,４階建て以上共同住宅,駐車（輪）場,キーなし,なし,乗用自動車
窃盗,自動車盗,流山,南流山駅前,122203,千葉県,流山市,南流山８丁目,20240114,19,駐車（輪）場,駐車（輪）場,キーなし,なし,乗用自動車
窃盗,自動車盗,流山,南流山駅前,122203,千葉県,流山市,南流山８丁目,20240806,19,その他の住宅（３階建て以下共同住宅等）,駐車（輪）場,キーなし,なし,乗用自動車
窃盗,自動車盗,流山,流山おおたかの森駅前,122203,千葉県,流山市,市野谷,20240225,20,一戸建住宅,駐車（輪）場,キーなし,あり,乗用自動車
窃盗,自動車盗,流山,流山おおたかの森駅前,122203,千葉県,流山市,市野谷,20240925,20,その他の住宅（３階建て以下共同住宅等）,駐車（輪）場,キーあり,あり,乗用自動車
窃盗,自動車盗,流山,流山おおたかの森駅前,122203,千葉県,流山市,古間木,20240926,11,一戸建住宅,駐車（輪）場,キーなし,あり,なし
窃盗,自動車盗,流山,流山おおたかの森駅前,122203,千葉県,流山市,おおたかの森西４丁目,20240925,23,その他の住宅（３階建て以下共同住宅等）,駐車（輪）場,キーなし,あり,なし
窃盗,自動車盗,流山,流山おおたかの森駅前,122203,千葉県,流山市,おおたかの森東２丁目,20240223,1,一戸建住宅,駐車（輪）場,キーなし,なし,乗用自動車
窃盗,自動車盗,流山,流山おおたかの森駅前,122203,千葉県,流山市,おおたかの森東４丁目,20241224,23,その他の住宅（３階建て以下共同住宅等）,駐車（輪）場,キーなし,あり,なし
窃盗,自動車盗,流山,流山セントラルパーク駅前,122203,千葉県,流山市,古間木,20240108,18,一戸建住宅,駐車（輪）場,キーなし,あり,なし
窃盗,自動車盗,流山,流山セントラルパーク駅前,122203,千葉県,流山市,前平井,20240108,17,４階建て以上共同住宅,駐車（輪）場,キーなし,なし,乗用自動車
窃盗,自動車盗,流山,流山セントラルパーク駅前,122203,千葉県,流山市,前平井,20241023,13,４階建て以上共同住宅,駐車（輪）場,キーあり,なし,乗用自動車
窃盗,自動車盗,流山,鰭ケ崎,122203,千葉県,流山市,大字鰭ケ崎,20240109,10,駐車（輪）場,駐車（輪）場,キーなし,あり,乗用自動車
窃盗,自動車盗,流山,鰭ケ崎,122203,千葉県,流山市,宮園２丁目,20240301,20,一戸建住宅,駐車（輪）場,キーなし,あり,乗用自動車
窃盗,自動車盗,流山,鰭ケ崎,122203,千葉県,流山市,宮園２丁目,20240926,19,一戸建住宅,駐車（輪）場,キーなし,あり,乗用自動車
窃盗,自動車盗,流山,鰭ケ崎,122203,千葉県,流山市,鰭ケ崎１丁目,20240301,18,その他の住宅（３階建て以下共同住宅等）,駐車（輪）場,キーなし,あり,なし
窃盗,自動車盗,千葉東,大宮,121045,千葉県,千葉市若葉区,大宮台３丁目,20240111,15,駐車（輪）場,駐車（輪）場,キーなし,あり,乗用自動車
窃盗,自動車盗,千葉東,大宮,121045,千葉県,千葉市若葉区,大宮町,20240627,16,その他,その他,キーなし,あり,貨物自動車
窃盗,自動車盗,千葉東,大宮,121045,千葉県,千葉市若葉区,金親町,20241005,18,その他,駐車（輪）場,キーあり,なし,乗用自動車
窃盗,自動車盗,千葉東,小倉,121045,千葉県,千葉市若葉区,加曽利町,20240723,20,その他,駐車（輪）場,キーなし,あり,乗用自動車
窃盗,自動車盗,千葉東,桜木,121045,千葉県,千葉市若葉区,桜木５丁目,20240129,20,その他の住宅（３階建て以下共同住宅等）,駐車（輪）場,キーなし,あり,乗用自動車
窃盗,自動車盗,千葉東,桜木,121045,千葉県,千葉市若葉区,桜木６丁目,20240328,7,その他の住宅（３階建て以下共同住宅等）,駐車（輪）場,キーあり,なし,乗用自動車
窃盗,自動車盗,千葉東,桜木,121045,千葉県,千葉市若葉区,貝塚２丁目,20240326,18,その他,駐車（輪）場,キーなし,あり,乗用自動車
窃盗,自動車盗,千葉東,桜木,121045,千葉県,千葉市若葉区,貝塚２丁目,20241212,17,その他,その他,キーなし,なし,貨物自動車
窃盗,自動車盗,千葉東,千城台,121045,千葉県,千葉市若葉区,金親町,20240202,16,その他,その他,キーなし,なし,貨物自動車
窃盗,自動車盗,千葉東,千城台,121045,千葉県,千葉市若葉区,金親町,20241002,18,駐車（輪）場,駐車（輪）場,キーあり,なし,乗用自動車
窃盗,自動車盗,千葉東,千城台,121045,千葉県,千葉市若葉区,金親町,20241015,20,駐車（輪）場,駐車（輪）場,キーなし,なし,乗用自動車
窃盗,自動車盗,千葉東,千城台,121045,千葉県,千葉市若葉区,金親町,20241025,0,その他,駐車（輪）場,キーあり,なし,なし
窃盗,自動車盗,千葉東,千城台,121045,千葉県,千葉市若葉区,高根町,20241110,15,その他,その他,キーなし,なし,乗用自動車
窃盗,自動車盗,千葉東,都賀,121045,千葉県,千葉市若葉区,西都賀１丁目,20240321,17,駐車（輪）場,駐車（輪）場,キーなし,なし,貨物自動車
窃盗,自動車盗,千葉東,みつわ台,121045,千葉県,千葉市若葉区,みつわ台３丁目,20240305,7,４階建て以上共同住宅,駐車（輪）場,キーなし,なし,乗用自動車
窃盗,自動車盗,千葉東,みつわ台,121045,千葉県,千葉市若葉区,若松町,20240624,18,その他,その他,キーなし,なし,貨物自動車
窃盗,自動車盗,千葉東,若松,121045,千葉県,千葉市若葉区,みつわ台５丁目,20241201,12,駐車（輪）場,駐車（輪）場,キーあり,なし,貨物自動車
窃盗,自動車盗,千葉東,若松,121045,千葉県,千葉市若葉区,若松町,20240417,18,駐車（輪）場,駐車（輪）場,キーあり,なし,貨物自動車
窃盗,自動車盗,千葉東,若松,121045,千葉県,千葉市若葉区,若松町,20241028,13,駐車（輪）場,駐車（輪）場,キーなし,なし,貨物自動車
窃盗,自動車盗,千葉東,若松,121045,千葉県,千葉市若葉区,若松町,20241204,20,駐車（輪）場,駐車（輪）場,キーなし,なし,なし
窃盗,自動車盗,千葉東,中田,121045,千葉県,千葉市若葉区,小間子町,20240412,8,駐車（輪）場,駐車（輪）場,キーなし,なし,貨物自動車
窃盗,自動車盗,千葉東,中田,121045,千葉県,千葉市若葉区,旦谷町,20240713,11,道路上,その他,キーあり,なし,乗用自動車
窃盗,自動車盗,千葉東,中田,121045,千葉県,千葉市若葉区,旦谷町,20240713,11,道路上,その他,キーなし,なし,乗用自動車
窃盗,自動車盗,千葉東,中田,121045,千葉県,千葉市若葉区,富田町,20240220,16,その他,その他,キーなし,なし,貨物自動車
窃盗,自動車盗,千葉東,中田,121045,千葉県,千葉市若葉区,中田町,20240401,17,その他,その他,キーなし,なし,乗用自動車
窃盗,自動車盗,千葉東,中田,121045,千葉県,千葉市若葉区,中田町,20240318,6,その他,駐車（輪）場,キーなし,なし,乗用自動車
窃盗,自動車盗,千葉東,中田,121045,千葉県,千葉市若葉区,中田町,20240717,19,その他,駐車（輪）場,キーなし,なし,貨物自動車
窃盗,自動車盗,千葉東,中田,121045,千葉県,千葉市若葉区,谷当町,20240418,19,その他,その他,キーなし,なし,乗用自動車
窃盗,自動車盗,千葉東,中野,121045,千葉県,千葉市若葉区,下田町,20240328,18,その他,その他,キーなし,なし,貨物自動車
窃盗,自動車盗,鎌ケ谷,鎌ヶ谷大仏,122246,千葉県,鎌ケ谷市,鎌ケ谷１丁目,20241001,20,駐車（輪）場,駐車（輪）場,キーあり,なし,貨物自動車
窃盗,自動車盗,鎌ケ谷,鎌ヶ谷大仏,122246,千葉県,鎌ケ谷市,東道野辺６丁目,20240103,21,４階建て以上共同住宅,駐車（輪）場,キーなし,なし,乗用自動車
窃盗,自動車盗,鎌ケ谷,鎌ヶ谷大仏,122246,千葉県,鎌ケ谷市,南鎌ケ谷１丁目,20241019,14,駐車（輪）場,駐車（輪）場,キーなし,なし,乗用自動車
窃盗,自動車盗,鎌ケ谷,くぬぎ山,122246,千葉県,鎌ケ谷市,くぬぎ山１丁目,20241015,14,４階建て以上共同住宅,駐車（輪）場,キーなし,あり,乗用自動車
窃盗,自動車盗,鎌ケ谷,くぬぎ山,122246,千葉県,鎌ケ谷市,北初富,20240216,8,駐車（輪）場,駐車（輪）場,キーなし,なし,乗用自動車
窃盗,自動車盗,鎌ケ谷,鎌ヶ谷駅前,122246,千葉県,鎌ケ谷市,道野辺中央２丁目,20240309,21,駐車（輪）場,駐車（輪）場,キーなし,なし,乗用自動車
窃盗,自動車盗,鎌ケ谷,鎌ヶ谷駅前,122246,千葉県,鎌ケ谷市,中沢新町,20240229,20,一戸建住宅,駐車（輪）場,キーなし,あり,乗用自動車
窃盗,自動車盗,鎌ケ谷,新鎌ケ谷駅前,122246,千葉県,鎌ケ谷市,南初富１丁目,20240215,17,一戸建住宅,駐車（輪）場,キーなし,なし,なし
窃盗,自動車盗,鎌ケ谷,新鎌ケ谷駅前,122246,千葉県,鎌ケ谷市,南初富３丁目,20240116,23,一戸建住宅,駐車（輪）場,キーなし,あり,乗用自動車
窃盗,自動車盗,千葉北,,,,,,20240919,7,その他,駐車（輪）場,キーあり,なし,貨物自動車
窃盗,自動車盗,千葉北,穴川,121037,千葉県,千葉市稲毛区,園生町,20240115,21,一戸建住宅,駐車（輪）場,キーなし,なし,乗用自動車
窃盗,自動車盗,千葉北,柏台,121037,千葉県,千葉市稲毛区,長沼町,20241010,22,一戸建住宅,駐車（輪）場,キーなし,あり,乗用自動車
窃盗,自動車盗,千葉北,こてはし台,121029,千葉県,千葉市花見川区,宇那谷町,20240924,18,その他,駐車（輪）場,キーなし,あり,貨物自動車
窃盗,自動車盗,千葉北,こてはし台,121029,千葉県,千葉市花見川区,こてはし台５丁目,20240514,23,一戸建住宅,駐車（輪）場,キーなし,あり,乗用自動車
窃盗,自動車盗,千葉北,こてはし台,121029,千葉県,千葉市花見川区,こてはし台６丁目,20240207,21,一戸建住宅,駐車（輪）場,キーなし,なし,乗用自動車
窃盗,自動車盗,千葉北,こてはし台,121029,千葉県,千葉市花見川区,大日町,20240131,18,その他,駐車（輪）場,キーなし,なし,貨物自動車
窃盗,自動車盗,千葉北,こてはし台,121029,千葉県,千葉市花見川区,大日町,20240911,18,その他,駐車（輪）場,キーあり,あり,乗用自動車
窃盗,自動車盗,千葉北,こてはし台,121029,千葉県,千葉市花見川区,横戸町,20240405,17,その他,その他,キーあり,あり,乗用自動車
窃盗,自動車盗,千葉北,こてはし台,121029,千葉県,千葉市花見川区,横戸町,20240422,17,駐車（輪）場,駐車（輪）場,キーなし,なし,乗用自動車
窃盗,自動車盗,千葉北,作草部,121037,千葉県,千葉市稲毛区,黒砂台３丁目,20241126,22,駐車（輪）場,駐車（輪）場,キーあり,なし,乗用自動車
窃盗,自動車盗,千葉北,作草部,121037,千葉県,千葉市稲毛区,緑町２丁目,20240118,12,一戸建住宅,駐車（輪）場,キーなし,なし,乗用自動車
窃盗,自動車盗,千葉北,作新台,121029,千葉県,千葉市花見川区,作新台８丁目,20240802,8,４階建て以上共同住宅,その他,キーなし,あり,乗用自動車
窃盗,自動車盗,千葉北,作新台,121029,千葉県,千葉市花見川区,長作町,20240402,5,駐車（輪）場,駐車（輪）場,キーなし,あり,乗用自動車
窃盗,自動車盗,千葉北,作新台,121029,千葉県,千葉市花見川区,長作町,20240630,18,一戸建住宅,駐車（輪）場,キーなし,あり,乗用自動車
窃盗,自動車盗,千葉北,作新台,121029,千葉県,千葉市花見川区,長作町,20241008,19,一戸建住宅,駐車（輪）場,キーなし,あり,乗用自動車
窃盗,自動車盗,千葉北,作新台,121029,千葉県,千葉市花見川区,横戸町,20240507,17,その他,駐車（輪）場,キーなし,なし,貨物自動車
窃盗,自動車盗,千葉北,作新台,121029,千葉県,千葉市花見川区,長作台２丁目,20240125,19,駐車（輪）場,駐車（輪）場,キーなし,あり,乗用自動車
窃盗,自動車盗,千葉北,長沼,121029,千葉県,千葉市花見川区,犢橋町,20240131,不明,その他,その他,キーなし,なし,貨物自動車
窃盗,自動車盗,千葉北,長沼,121029,千葉県,千葉市花見川区,犢橋町,20240603,7,その他,その他,キーなし,なし,特殊自動車
窃盗,自動車盗,千葉北,長沼,121029,千葉県,千葉市花見川区,犢橋町,20240803,22,一戸建住宅,駐車（輪）場,キーなし,なし,乗用自動車
窃盗,自動車盗,千葉北,長沼,121029,千葉県,千葉市花見川区,犢橋町,20240819,10,一戸建住宅,駐車（輪）場,キーなし,なし,貨物自動車
窃盗,自動車盗,千葉北,長沼,121029,千葉県,千葉市花見川区,三角町,20240903,0,その他,駐車（輪）場,キーなし,なし,貨物自動車
窃盗,自動車盗,千葉北,長沼,121029,千葉県,千葉市花見川区,三角町,20241101,不明,その他,駐車（輪）場,キーなし,なし,貨物自動車
窃盗,自動車盗,千葉北,長沼,121029,千葉県,千葉市花見川区,千種町,20240306,0,駐車（輪）場,駐車（輪）場,キーなし,なし,乗用自動車
窃盗,自動車盗,千葉北,長沼,121029,千葉県,千葉市花見川区,千種町,20241008,17,一戸建住宅,駐車（輪）場,キーなし,あり,乗用自動車
窃盗,自動車盗,千葉北,長沼,121037,千葉県,千葉市稲毛区,山王町,20240413,13,その他,駐車（輪）場,キーなし,なし,貨物自動車
窃盗,自動車盗,千葉北,長沼,121037,千葉県,千葉市稲毛区,園生町,20240617,19,４階建て以上共同住宅,駐車（輪）場,キーなし,あり,乗用自動車
窃盗,自動車盗,千葉北,畑,121029,千葉県,千葉市花見川区,畑町,20240807,1,駐車（輪）場,駐車（輪）場,キーなし,あり,乗用自動車
窃盗,自動車盗,千葉北,花見川,121029,千葉県,千葉市花見川区,花島町,20241011,14,駐車（輪）場,駐車（輪）場,キーなし,なし,乗用自動車
窃盗,自動車盗,千葉北,宮野木,121029,千葉県,千葉市花見川区,さつきが丘１丁目,20240115,19,一戸建住宅,駐車（輪）場,キーなし,なし,乗用自動車
窃盗,自動車盗,千葉北,宮野木,121029,千葉県,千葉市花見川区,さつきが丘１丁目,20240702,21,一戸建住宅,駐車（輪）場,キーなし,あり,乗用自動車
窃盗,自動車盗,千葉北,宮野木,121029,千葉県,千葉市花見川区,さつきが丘１丁目,20240801,13,４階建て以上共同住宅,駐車（輪）場,キーなし,なし,乗用自動車
窃盗,自動車盗,千葉北,宮野木,121029,千葉県,千葉市花見川区,さつきが丘２丁目,20240721,23,４階建て以上共同住宅,駐車（輪）場,キーなし,あり,乗用自動車
窃盗,自動車盗,千葉北,宮野木,121029,千葉県,千葉市花見川区,朝日ケ丘１丁目,20240913,19,一戸建住宅,駐車（輪）場,キーなし,なし,乗用自動車
窃盗,自動車盗,千葉北,宮野木,121037,千葉県,千葉市稲毛区,宮野木町,20240125,16,一戸建住宅,駐車（輪）場,キーあり,なし,乗用自動車
窃盗,自動車盗,千葉北,山王,121037,千葉県,千葉市稲毛区,小深町,20240306,2,その他の住宅（３階建て以下共同住宅等）,駐車（輪）場,キーなし,あり,乗用自動車
窃盗,自動車盗,千葉北,山王,121037,千葉県,千葉市稲毛区,山王町,20240118,20,一戸建住宅,駐車（輪）場,キーなし,あり,乗用自動車
窃盗,自動車盗,千葉北,山王,121037,千葉県,千葉市稲毛区,長沼原町,20240220,14,その他,その他,キーあり,なし,乗用自動車
窃盗,自動車盗,千葉北,山王,121037,千葉県,千葉市稲毛区,長沼原町,20240513,16,その他,その他,キーなし,なし,なし
窃盗,自動車盗,行徳,今井橋,122033,千葉県,市川市,新井２丁目,20240328,19,その他,駐車（輪）場,キーなし,あり,乗用自動車
窃盗,自動車盗,行徳,今井橋,122033,千葉県,市川市,島尻,20240817,14,４階建て以上共同住宅,駐車（輪）場,キーなし,あり,乗用自動車
窃盗,自動車盗,行徳,今井橋,122033,千葉県,市川市,島尻,20240825,8,４階建て以上共同住宅,駐車（輪）場,キーなし,なし,乗用自動車
窃盗,自動車盗,行徳,今井橋,122033,千葉県,市川市,島尻,20240826,21,４階建て以上共同住宅,駐車（輪）場,キーなし,あり,なし
窃盗,自動車盗,行徳,今井橋,122033,千葉県,市川市,島尻,20240830,22,４階建て以上共同住宅,駐車（輪）場,キーなし,あり,乗用自動車
窃盗,自動車盗,行徳,香取,122033,千葉県,市川市,欠真間２丁目,20240528,19,その他の住宅（３階建て以下共同住宅等）,駐車（輪）場,キーなし,あり,なし
窃盗,自動車盗,行徳,南行徳駅前,122033,千葉県,市川市,南行徳４丁目,20241125,19,一戸建住宅,駐車（輪）場,キーあり,なし,乗用自動車
窃盗,自動車盗,行徳,塩焼,122033,千葉県,市川市,幸２丁目,20240309,10,４階建て以上共同住宅,駐車（輪）場,キーなし,なし,乗用自動車
窃盗,自動車盗,行徳,塩焼,122033,千葉県,市川市,塩浜２丁目,20240110,15,道路上,その他,キーなし,なし,乗用自動車
窃盗,自動車盗,行徳,塩焼,122033,千葉県,市川市,塩浜２丁目,20240831,17,その他,駐車（輪）場,キーなし,なし,貨物自動車
窃盗,自動車盗,行徳,塩焼,122033,千葉県,市川市,塩焼５丁目,20241222,18,４階建て以上共同住宅,駐車（輪）場,キーあり,あり,乗用自動車
窃盗,自動車盗,行徳,妙典駅前,122033,千葉県,市川市,関ケ島,20240319,0,一戸建住宅,駐車（輪）場,キーなし,あり,乗用自動車
窃盗,自動車盗,行徳,妙典駅前,122033,千葉県,市川市,富浜１丁目,20240614,18,駐車（輪）場,駐車（輪）場,キーなし,あり,乗用自動車
窃盗,自動車盗,行徳,妙典駅前,122033,千葉県,市川市,本塩,20241105,1,道路上,その他,キーあり,なし,乗用自動車
窃盗,自動車盗,四街道,旭,122289,千葉県,四街道市,みそら３丁目,20240618,0,一戸建住宅,駐車（輪）場,キーなし,なし,乗用自動車
窃盗,自動車盗,四街道,旭,122289,千葉県,四街道市,みのり町,20241027,17,その他,駐車（輪）場,キーなし,なし,貨物自動車
窃盗,自動車盗,四街道,旭,122289,千葉県,四街道市,吉岡,20241107,12,一戸建住宅,駐車（輪）場,キーあり,なし,貨物自動車
窃盗,自動車盗,四街道,千代田,122289,千葉県,四街道市,内黒田,20241019,7,一戸建住宅,駐車（輪）場,キーなし,あり,乗用自動車
窃盗,自動車盗,四街道,千代田,122289,千葉県,四街道市,つくし座１丁目,20240711,18,一戸建住宅,駐車（輪）場,キーなし,なし,乗用自動車
窃盗,自動車盗,四街道,千代田,122289,千葉県,四街道市,つくし座１丁目,20241121,2,一戸建住宅,駐車（輪）場,キーなし,あり,なし
窃盗,自動車盗,四街道,千代田,122289,千葉県,四街道市,もねの里６丁目,20240123,21,その他,駐車（輪）場,キーあり,なし,貨物自動車
窃盗,自動車盗,四街道,千代田,122289,千葉県,四街道市,もねの里６丁目,20240624,20,一戸建住宅,駐車（輪）場,キーなし,あり,乗用自動車
窃盗,自動車盗,四街道,大日,122289,千葉県,四街道市,大日,20240210,0,一戸建住宅,駐車（輪）場,キーなし,なし,乗用自動車
窃盗,自動車盗,四街道,大日,122289,千葉県,四街道市,大日,20240517,13,その他,その他,キーあり,なし,貨物自動車
窃盗,自動車盗,四街道,大日,122289,千葉県,四街道市,大日,20240610,23,一戸建住宅,駐車（輪）場,キーなし,なし,乗用自動車
窃盗,自動車盗,四街道,大日,122289,千葉県,四街道市,大日,20240809,3,一戸建住宅,駐車（輪）場,キーなし,なし,乗用自動車
窃盗,自動車盗,四街道,大日,122289,千葉県,四街道市,大日,20241121,19,一戸建住宅,駐車（輪）場,キーなし,あり,乗用自動車
窃盗,自動車盗,四街道,大日,122289,千葉県,四街道市,中央,20240404,9,その他,駐車（輪）場,キーあり,なし,乗用自動車
窃盗,自動車盗,四街道,四街道駅前,122289,千葉県,四街道市,下志津新田,20240531,10,駐車（輪）場,駐車（輪）場,キーなし,なし,乗用自動車
